	index	sim_dom1	sim_dom2	scores	p-values
0	331	Hydrolase_4	Abhydrolase_6	64.54	2.1e-09
1	340	Hydrolase_4	Abhydrolase_1	106.22	2.8e-16
2	506	Abhydrolase_6	Abhydrolase_1	62.74	5.5e-10
3	577	S1	CSD	21.23	0.00011
4	1001	Guanylate_kin	AAA_33	27.34	0.0006
5	1026	Guanylate_kin	AAA_5	26.9	0.00086
6	1039	Guanylate_kin	MMR_HSR1	27.41	0.00048
7	1052	Guanylate_kin	AAA_18	27.28	0.00031
8	1176	DEAD	Microtub_bd	27.49	0.00077
9	1184	DEAD	SNF2_N	45.11	4.6e-06
10	1187	DEAD	ResIII	65.83	2.4e-10
11	1196	DEAD	AAA_33	26.1	0.00093
12	1204	DEAD	AAA	25.91	0.001
13	1247	DEAD	AAA_18	25.19	0.00081
14	1731	Septin	GTP_EFTU	35.07	0.00015
15	1745	Septin	ABC_tran	31.86	0.00025
16	1758	Septin	AAA_33	31.68	0.00016
17	1766	Septin	AAA	28.06	0.00083
18	1787	Septin	NACHT	31.76	0.00034
19	1791	Septin	Dynamin_N	31.63	0.00034
20	1795	Septin	MMR_HSR1	30.82	0.00019
21	1805	Septin	Roc	29.18	0.00065
22	1808	Septin	AAA_18	28.69	0.00025
23	2195	Sulfotransfer_3	Sulfotransfer_1	59.35	1e-08
24	2248	Sulfotransfer_3	AAA_18	27.94	0.00026
25	2431	Ras	GTP_EFTU	29.77	0.00053
26	2444	Ras	ABC_tran	28.38	0.00047
27	2451	Ras	AAA_33	26.27	0.00074
28	2475	Ras	AAA_5	26.91	0.00068
29	2479	Ras	NACHT	29.22	0.00044
30	2483	Ras	Dynamin_N	28.1	0.00067
31	2485	Ras	Arf	61.08	2e-09
32	2487	Ras	MMR_HSR1	39.08	2.6e-06
33	2497	Ras	Roc	110.84	5.5e-19
34	2500	Ras	AAA_18	26.22	0.00037
35	3185	GBP	Dynamin_N	28.29	0.001
36	3584	AAA_5	ABC_tran	32.98	3.3e-05
37	3587	AAA_5	ADK	25.38	0.00087
38	3591	AAA_5	AAA_33	38.25	3e-06
39	3594	AAA_5	AAA	53.13	4.9e-09
40	3604	AAA_5	NACHT	36.48	1.2e-05
41	3612	AAA_5	MMR_HSR1	26.69	0.0003
42	3622	AAA_5	Roc	30.5	7.5e-05
43	3625	AAA_5	AAA_18	39.94	7.5e-07
44	3628	AAA_5	AAA_11	35.66	4.2e-05
45	3899	Arf	SRPRB	56.05	1.8e-08
46	3901	Arf	GTP_EFTU	29.84	0.00053
47	3921	Arf	AAA_33	28.81	0.00025
48	3937	Arf	MMR_HSR1	34.03	2.2e-05
49	3939	Arf	G-alpha	56.28	5.1e-08
50	3947	Arf	Roc	51.66	2.9e-08
51	3950	Arf	AAA_18	27.59	0.00019
52	4429	Roc	SRPRB	27.35	0.00071
53	4431	Roc	GTP_EFTU	27.37	0.00079
54	4444	Roc	ABC_tran	31.37	7.5e-05
55	4451	Roc	AAA_33	31.33	5.4e-05
56	4454	Roc	AAA	30.7	7.9e-05
57	4463	Roc	NACHT	33.26	4.8e-05
58	4465	Roc	Dynamin_N	33.24	4.7e-05
59	4466	Roc	MMR_HSR1	34.48	1e-05
60	4467	Roc	G-alpha	31.3	0.00035
61	4472	Roc	AAA_18	31.06	2.9e-05
62	4701	G-alpha	ABC_tran	32.85	0.00026
63	4708	G-alpha	AAA_33	32.87	0.00024
64	4720	G-alpha	NACHT	30.35	0.00093
65	4722	G-alpha	Dynamin_N	31.73	0.00057
66	4723	G-alpha	MMR_HSR1	29.44	0.0006
67	4728	G-alpha	AAA_18	31.97	0.00021
68	4737	SRPRB	GTP_EFTU	31.8	0.00026
69	4756	SRPRB	AAA_33	27.96	0.00038
70	4759	SRPRB	AAA	26.77	0.00075
71	4771	SRPRB	MMR_HSR1	42.29	6.9e-07
72	4776	SRPRB	AAA_18	28.18	0.00016
73	4863	GTP_EFTU	Dynamin_N	32.28	0.00019
74	4864	GTP_EFTU	MMR_HSR1	46.27	2.5e-07
75	4869	GTP_EFTU	AAA_18	26.52	0.0006
76	5170	Kinesin	Microtub_bd	117.91	8.5e-18
77	5176	Kinesin	ResIII	31.7	0.00062
78	5184	Kinesin	AAA	28.93	0.001
79	5213	Microtub_bd	ResIII	30.72	0.00022
80	5357	ABC_tran	AAA_33	38.01	4.1e-06
81	5360	ABC_tran	AAA	35.94	1e-05
82	5369	ABC_tran	NACHT	38.68	6.3e-06
83	5371	ABC_tran	Dynamin_N	33.87	4.4e-05
84	5372	ABC_tran	MMR_HSR1	36.25	5.9e-06
85	5376	ABC_tran	AAA_18	37.24	2.8e-06
86	5421	ADK	AAA_33	32.32	3.8e-05
87	5424	ADK	AAA	29.51	0.00016
88	5439	ADK	AAA_18	36.83	1.9e-06
89	5469	Myosin_head	AAA_18	29.1	0.00078
90	5538	AAA_33	AAA	44.19	1.7e-07
91	5547	AAA_33	NACHT	39.82	2.1e-06
92	5549	AAA_33	Dynamin_N	30.19	0.00013
93	5550	AAA_33	MMR_HSR1	32.62	1.7e-05
94	5553	AAA_33	AAA_18	51.94	3.3e-09
95	5556	AAA_33	AAA_11	36.14	2.8e-05
96	5636	ResIII	SNF2_N	63.21	6e-09
97	5637	ResIII	AAA	29.51	0.00023
98	5645	ResIII	NACHT	28.55	0.00056
99	5651	ResIII	AAA_18	25.32	0.00075
100	5667	AAA	NACHT	40.47	2.1e-06
101	5670	AAA	MMR_HSR1	30.84	4.6e-05
102	5673	AAA	AAA_18	45.86	5e-08
103	5676	AAA	AAA_11	44.3	1.3e-06
104	5822	NACHT	Dynamin_N	27.4	0.00086
105	5823	NACHT	MMR_HSR1	28.44	0.00025
106	5826	NACHT	AAA_18	38.52	2.7e-06
107	5829	NACHT	AAA_11	31.86	0.00034
108	5846	Dynamin_N	MMR_HSR1	47.38	8.3e-08
109	5849	Dynamin_N	AAA_18	31.48	5.3e-05
110	5899	AAA_18	MMR_HSR1	37.67	4.7e-07
111	5901	AAA_18	AAA_11	34.96	1.5e-05
112	5915	LRR_8	LRR_9	28.56	6.9e-07
113	5917	LRR_8	LRR_4	39.56	1.5e-32
114	5918	LRR_8	LRR_5	25.61	4.7e-06
115	5919	LRR_8	LRR_6	20.74	2.8e-08
116	5921	LRR_9	LRR_4	18.52	2.9e-12
117	5928	LRR_4	LRR_6	24.29	2.5e-28
118	5930	HATPase_c_3	HATPase_c	40.89	2.8e-07
119	5938	G-patch_2	G-patch	48.8	9e-13
120	6115	Tissue_fac	fn3	21.52	0.00063
121	6230	Cadherin	Cadherin_2	27.39	3.3e-05
122	6341	fn3	Interfer-bind	22.87	0.00013
123	6980	Adaptin_N	HEAT_2	31.17	0.00013
124	7007	Adaptin_N	HEAT	26.42	1.2e-41
125	7017	Adaptin_N	Cnd1	99.82	8.5e-14
126	7826	PPTA	TPR_14	14.55	4.8e-56
127	7837	PPTA	TPR_2	15.38	1.2e-47
128	7894	PPTA	TPR_1	17.61	4e-69
129	7989	Sel1	TPR_14	14.12	7.6e-35
130	7991	Sel1	TPR_11	17.75	1.6e-05
131	7992	Sel1	TPR_12	16.96	6.3e-05
132	8000	Sel1	TPR_2	19.1	5.2e-29
133	8003	Sel1	TPR_19	12.73	0.001
134	8055	Sel1	TPR_1	19.72	8.5e-46
135	8057	Sel1	TPR_7	15.14	0.0002
136	8058	Sel1	TPR_8	17.11	9.3e-06
137	8472	Arm	HEAT_2	28.78	2.1e-07
138	8493	Arm	HEAT	33.77	7.8e-50
139	8502	Arm	Cnd1	21.27	0.00096
140	8518	Arm	HEAT_EZ	41.45	1.3e-10
141	9167	Cnd1	HEAT_2	32.32	5.1e-06
142	9182	Cnd1	HEAT	30.61	1.9e-49
143	9203	Cnd1	HEAT_EZ	27.6	3.5e-05
144	9338	ANAPC3	TPR_14	21.64	2.4e-47
145	9339	ANAPC3	TPR_10	17.26	0.00047
146	9340	ANAPC3	TPR_11	25.92	2.3e-07
147	9341	ANAPC3	TPR_12	21.38	1.6e-05
148	9349	ANAPC3	TPR_2	23.06	9.8e-35
149	9352	ANAPC3	TPR_19	40.53	8.6e-11
150	9385	ANAPC3	TPR_1	22.87	5.7e-56
151	9387	ANAPC3	TPR_7	19.45	2.2e-05
152	9388	ANAPC3	TPR_8	20.63	2.6e-06
153	9722	IBN_N	HEAT	13.6	1.5e-38
154	9744	TPR_14	TPR_10	24.98	6.2e-13
155	9745	TPR_14	TPR_11	40.48	5.8e-35
156	9746	TPR_14	TPR_12	26.18	1.6e-18
157	9754	TPR_14	TPR_2	37.5	1.3e-54
158	9757	TPR_14	TPR_19	34.77	3.2e-28
159	9788	TPR_14	TPR_1	39.37	1.5e-58
160	9790	TPR_14	TPR_7	28.77	3.6e-21
161	9791	TPR_14	TPR_8	33.96	1.5e-28
162	9903	TPR_10	TPR_11	29.8	3e-09
163	9904	TPR_10	TPR_12	58.42	8.6e-18
164	9911	TPR_10	TPR_2	36.48	1.7e-34
165	9914	TPR_10	TPR_19	22.18	1.3e-06
166	9945	TPR_10	TPR_1	43.0	4.4e-76
167	9947	TPR_10	TPR_7	40.23	8.6e-12
168	9948	TPR_10	TPR_8	35.65	7.2e-12
169	9954	TPR_11	TPR_12	32.64	8.6e-13
170	9961	TPR_11	TPR_2	49.49	1e-69
171	9964	TPR_11	TPR_19	43.14	3.2e-17
172	9991	TPR_11	Clathrin	15.72	0.00012
173	9995	TPR_11	TPR_1	56.9	1.1e-132
174	9997	TPR_11	TPR_7	36.89	9.6e-16
175	9998	TPR_11	TPR_8	44.9	5.2e-20
176	10010	TPR_12	TPR_2	38.13	8e-60
177	10013	TPR_12	TPR_19	34.29	1.6e-12
178	10044	TPR_12	TPR_1	43.77	1.8e-108
179	10046	TPR_12	TPR_7	37.81	3.5e-15
180	10047	TPR_12	TPR_8	37.2	1.6e-15
181	10059	TPR_19	TPR_2	29.25	5.4e-52
182	10088	TPR_19	Clathrin	20.15	8.4e-06
183	10092	TPR_19	TPR_1	29.81	4.9e-82
184	10094	TPR_19	TPR_7	22.45	3.6e-09
185	10095	TPR_19	TPR_8	28.02	4.4e-12
186	10127	Arm_2	HEAT	16.79	3.3e-28
187	10581	HEAT_2	HEAT	35.49	2.5e-71
188	10595	HEAT_2	HEAT_EZ	37.59	1.7e-10
189	10605	PUF	MIF4G	13.64	0.00023
190	11160	HEAT	HEAT_EZ	41.27	1.9e-34
191	11185	TPR_2	Clathrin	11.26	1.2e-11
192	11186	TPR_2	TPR_1	65.76	2.4e-89
193	11188	TPR_2	TPR_7	39.84	2.3e-43
194	11189	TPR_2	TPR_8	51.82	2.8e-58
195	11196	TPR_1	TPR_7	46.78	1.6e-32
196	11197	TPR_1	TPR_8	60.72	7.3e-49
197	11209	TPR_7	Clathrin	14.34	0.00098
198	11210	TPR_7	TPR_8	39.74	4.5e-16
199	11245	GST_C	GST_C_2	55.98	4.6e-14
200	11246	GST_C	GST_C_3	54.25	5.2e-11
201	11247	GST_C_2	GST_C_3	38.14	6.9e-13
202	11429	UCH_1	UCH	102.75	2.2e-14
203	11725	Claudin_2	PMP22_Claudin	41.22	6.4e-06
204	11738	F-box-like	F-box	63.87	9.2e-104
205	12510	Prenyltrans	A2M_comp	24.7	4.2e-08
206	12636	HMG_box	HMG_box_2	65.52	2.9e-14
207	12775	Ldl_recept_b	NHL	18.41	1e-07
208	13072	RCC1_2	NHL	13.67	2.5e-05
209	13078	RCC1_2	Kelch_2	11.42	0.00077
210	13081	RCC1_2	Kelch_5	15.25	1.9e-05
211	13082	RCC1_2	Kelch_4	17.4	5.9e-06
212	13093	RCC1_2	RCC1	35.24	2.9e-10
213	13133	NHL	Kelch_2	10.49	4.4e-06
214	13134	NHL	Kelch_1	12.07	5e-06
215	13135	NHL	Kelch_6	10.94	2e-05
216	13136	NHL	Kelch_5	10.03	3.5e-06
217	13137	NHL	Kelch_4	10.26	5.4e-06
218	13154	NHL	ANAPC4_WD40	11.01	0.00055
219	13253	Kelch_3	Kelch_2	37.77	1.9e-17
220	13254	Kelch_3	Kelch_1	53.6	5.3e-24
221	13255	Kelch_3	Kelch_6	51.12	1.4e-22
222	13256	Kelch_3	Kelch_5	35.14	8.2e-17
223	13257	Kelch_3	Kelch_4	54.49	5e-25
224	13268	Kelch_3	RCC1	10.22	0.00029
225	13275	Kelch_2	Kelch_1	62.92	1.2e-27
226	13276	Kelch_2	Kelch_6	48.41	6.2e-21
227	13277	Kelch_2	Kelch_5	35.35	1.4e-16
228	13278	Kelch_2	Kelch_4	49.09	3.8e-22
229	13288	Kelch_2	FG-GAP	10.04	0.0009
230	13289	Kelch_2	RCC1	15.54	1.6e-06
231	13296	Kelch_1	Kelch_6	69.0	1.1e-21
232	13297	Kelch_1	Kelch_5	46.8	1.8e-16
233	13298	Kelch_1	Kelch_4	67.4	7.2e-23
234	13309	Kelch_1	RCC1	15.98	7.9e-05
235	13316	Kelch_6	Kelch_5	40.49	1.9e-14
236	13317	Kelch_6	Kelch_4	60.31	1.1e-20
237	13328	Kelch_6	RCC1	15.1	0.00012
238	13335	Kelch_5	Kelch_4	47.1	7e-23
239	13346	Kelch_5	RCC1	12.02	2.3e-05
240	13363	Kelch_4	RCC1	13.55	1.1e-05
241	13420	VCBS	FG-GAP	36.42	9.4e-14
242	13544	CH	CAMSAP_CH	46.82	2.1e-09
243	13565	Pkinase_Tyr	Pkinase	190.81	3.3e-28
244	13644	PAS_9	PAS_3	48.09	2e-12
245	13645	PAS_9	PAS	65.65	1.4e-16
246	13646	PAS_9	PAS_11	18.04	0.00086
247	13647	PAS	PAS_3	49.7	1.5e-11
248	13648	PAS	PAS_11	28.15	7.9e-06
249	13649	PAS_11	PAS_3	41.86	5e-08
250	13817	Hairy_orange	INT_SG_DDX_CT_C	13.82	0.00036
251	14103	Hairy_orange	HMA	15.85	1.3e-05
252	14156	Hairy_orange	Nebulin	11.02	3.7e-13
253	14473	Hairy_orange	Thiol-ester_cl	10.28	0.00014
254	15907	Hairy_orange	GRIP	11.51	0.00028
255	15910	Hairy_orange	Gla	11.74	0.00087
256	16526	Hairy_orange	Plectin	10.03	0.00021
257	29579	JmjN	Med26	12.04	0.00033
258	29759	JmjN	DCX	12.01	0.00099
259	31144	JmjN	PAM2	10.71	1.5e-05
260	31757	JmjN	RPEL	12.54	0.00011
261	43240	CD225	Xin	11.05	0.00016
262	174635	INT_SG_DDX_CT_C	GoLoco	15.97	5.3e-05
263	469706	HLH	OAR	10.28	6.3e-05
264	653820	WH2	DCX	11.59	1.7e-05
265	749308	Neur_chan_LBD	Myosin_N	17.68	0.00046
266	1054061	PRY	SPRY	135.01	3.5e-25
267	1304883	Integrin_alpha	zf-A20	11.04	2.7e-08
268	1306535	Integrin_alpha	zf-C4	15.03	5.2e-07
269	1429613	Calponin	DCX	10.09	0.0005
270	1431566	Calponin	Cation_ATPase_N	10.28	0.00097
271	1550758	SSXRD	Myosin_N	11.01	0.00053
272	1576902	LRRC37	Xin	11.75	5.9e-05
273	1641811	zf-NF-X1	zf-AN1	10.44	0.00051
274	1825802	EphA2_TM	Plectin	16.17	0.00013
275	1888464	Bromodomain	Tubulin-binding	14.71	0.00087
276	1899667	DCX	Plectin	10.04	0.001
277	1899811	DCX	Histone_H2A_C	11.51	0.00096
278	1900525	DCX	EPTP	11.66	0.00085
279	2088041	zf-B_box	ArfGap	20.43	5.7e-05
280	2249522	Cadherin_tail	APC_r	11.49	0.00075
281	2336805	Pkinase_C	Humanin	12.26	6.9e-05
282	2362724	Hormone_recep	SapB_2	10.03	1.8e-32
283	2363984	Hormone_recep	PAM2	11.04	0.00083
284	2392157	Sushi	HRM	20.88	7.7e-05
285	2559537	VWD	SapB_2	10.82	9.1e-28
286	2756957	KRAB	GRIP	11.97	0.00098
287	2953327	PBD	APC_r	13.85	3.7e-05
288	3817308	Plectin	A2M_recep	12.08	0.00052
289	3817473	Plectin	GPHH	12.89	0.00016
290	3817489	Plectin	RPEL	10.07	3.3e-05
291	3817563	Plectin	CBS	10.39	3.4e-47
292	3817832	Plectin	Histone_H2A_C	13.95	1e-06
293	3818066	Plectin	Cpn60_TCP1	15.74	0.00088
294	3818404	Plectin	HR1	10.95	0.00031
295	3899747	LBP_BPI_CETP	SapB_2	11.16	1.4e-29
296	4083534	Ephrin_rec_like	NCD3G	20.86	7.6e-05
297	4268419	Hemopexin	WW	10.59	0.00011
298	4269718	Hemopexin	Hyd_WA	10.07	2.2e-05
299	4513822	TGFb_propeptide	OAR	12.89	0.00079
300	4526814	Cadherin_C	APC_r	15.92	5.1e-05
301	4610038	WW	zf-A20	10.86	3.1e-05
302	4610930	WW	Hyd_WA	11.56	5.2e-05
303	4660798	HA2	Xin	10.44	0.00079
304	4872585	Tubulin-binding	Thiol-ester_cl	10.08	0.00037
305	4873013	Tubulin-binding	Cir_N	11.86	0.00024
306	4873475	Tubulin-binding	Xin	12.03	1.9e-06
307	4874473	Tubulin-binding	APC_r	13.52	2e-06
308	5248977	cNMP_binding	Hyd_WA	11.08	0.00091
309	5781278	Mito_carr	Xin	11.76	0.00019
310	5818073	Thiol-ester_cl	A2M_recep	11.85	0.00091
311	5818566	Thiol-ester_cl	Histone_H2A_C	10.83	6.4e-05
312	5818576	Thiol-ester_cl	Nop	17.21	7.3e-05
313	5821977	Histone_H2A_C	Fasciclin	15.57	0.00065
314	6013895	GRIP	RPEL	10.25	0.00065
315	6461942	Xin	Cation_ATPase_C	10.94	0.00016
316	7319232	APC_r	Humanin	11.87	5.4e-07
317	7500708	TFIIS_C	GATA	13.75	0.00066
318	7500712	TFIIS_C	zf-RanBP	11.18	0.00088
319	7500822	GATA	zf-RanBP	12.86	6.9e-05
320	7500862	OATP	MFS_1	45.24	1.3e-05
321	7500915	MFS_1	Sugar_tr	87.71	2.3e-13
322	7500923	SH3_1	SH3_2	65.44	8.2e-20
323	7500926	SH3_1	SH3_9	74.6	6.5e-23
324	7500929	SH3_2	SH3_9	64.71	3.8e-20
325	7500934	C1-set	C2-set_2	39.08	2.5e-07
326	7500940	C1-set	ig	33.36	1.1e-06
327	7500949	C1-set	I-set	25.19	0.00028
328	7500950	C1-set	Ig_3	32.19	1.6e-06
329	7500977	C2-set_2	ig	32.04	1.5e-06
330	7500986	C2-set_2	I-set	25.01	0.00016
331	7500987	C2-set_2	Ig_3	33.03	7.4e-07
332	7500988	C2-set_2	Ig_2	23.17	0.00014
333	7501043	Ig_2	ig	43.04	5.4e-10
334	7501046	Ig_2	V-set	28.52	5.4e-06
335	7501049	Ig_2	I-set	55.37	1.2e-12
336	7501050	Ig_2	Ig_3	54.01	7.2e-13
337	7501057	V-set	ig	46.53	1.1e-09
338	7501062	V-set	I-set	46.99	2e-09
339	7501063	V-set	Ig_3	41.36	1.1e-08
340	7501111	I-set	ig	61.08	8.9e-13
341	7501114	I-set	Ig_3	73.58	1.1e-15
342	7501126	Ig_3	ig	59.22	2.4e-14
343	7501179	Histone	CBFD_NFYB_HMF	54.44	7e-11
344	7501180	Histone	TAF	36.98	4.2e-07
345	7501201	CBFD_NFYB_HMF	TAF	32.21	8.7e-07
346	7501227	bZIP_1	bZIP_2	50.22	4.6e-12
347	7501228	bZIP_1	bZIP_Maf	32.74	2.4e-06
348	7501229	bZIP_2	bZIP_Maf	25.47	5.2e-06
349	7501699	PH_9	PH	38.23	2.1e-07
350	7502170	7tm_1	7tm_4	49.51	8e-07
351	7502222	Ank_4	Ank_5	43.72	4.1e-19
352	7502223	Ank_4	Ank_3	35.99	1.1e-16
353	7502224	Ank_4	Ank_2	52.08	1.7e-20
354	7502225	Ank_4	Ank	39.38	1.9e-64
355	7502226	Ank_5	Ank_3	36.54	6.4e-17
356	7502227	Ank_5	Ank_2	36.11	6e-14
357	7502228	Ank_5	Ank	40.56	4.5e-67
358	7502229	Ank	Ank_3	41.52	5.3e-22
359	7502230	Ank	Ank_2	44.67	3e-25
360	7502231	Ank_2	Ank_3	38.81	6.3e-12
361	7502234	PDZ_2	PDZ	48.55	3.8e-10
362	7502236	PSI_integrin	PSI	30.93	1.2e-07
363	7502238	Trypsin	Trypsin_2	59.02	2.1e-09
364	7502259	Reprolysin_5	Reprolysin	55.3	2.1e-08
365	7502265	Reprolysin_5	Reprolysin_2	114.52	1.7e-18
366	7502266	Reprolysin_5	Reprolysin_3	79.78	3e-13
367	7502270	Reprolysin_5	Peptidase_M10	38.52	1e-05
368	7502308	Reprolysin_2	Reprolysin_3	72.36	9.2e-12
369	7502312	Reprolysin_2	Peptidase_M10	31.99	0.00025
370	7502328	Reprolysin_3	Reprolysin	58.07	2.2e-09
371	7502335	Reprolysin_3	Peptidase_M10	38.38	4.9e-06
372	7502545	Linker_histone	Forkhead	22.8	0.00023
373	7502949	Homeobox_KN	Homeobox	48.39	1.5e-12
374	7503345	Myb_DNA-bind_6	Myb_DNA-binding	62.55	2.5e-18
375	7504351	Homeobox	CENP-B_N	18.02	0.00067
376	7504593	VWA_2	VWA_3	43.95	3.6e-08
377	7504595	VWA_2	VWA	72.63	6.6e-14
378	7504597	VWA_3	VWA	54.18	9.3e-09
379	7504609	DSPc	Myotub-related	33.27	0.00024
380	7504613	DSPc	Y_phosphatase	42.62	3.1e-06
381	7504677	zf-RING_2	zf-RING_5	43.39	7.1e-13
382	7504680	zf-RING_2	zf-C3HC4_4	33.96	8.2e-10
383	7504681	zf-RING_2	zf-C3HC4_3	40.23	1.8e-11
384	7504682	zf-RING_2	zf-C3HC4_2	53.31	5.5e-16
385	7504683	zf-RING_2	Prok-RING_4	33.04	2.4e-09
386	7504687	zf-RING_2	IBR	15.26	0.00082
387	7504689	zf-RING_2	zf-RING_11	53.15	2.2e-17
388	7504690	zf-RING_2	zf-C3HC4	43.08	9.5e-13
389	7504694	zf-RING_2	RINGv	22.93	3.6e-06
390	7504698	zf-RING_2	zf-RING_UBOX	41.14	8.4e-14
391	7504699	zf-RING_2	zf-rbx1	50.77	2.6e-14
392	7504758	zf-RING_5	zf-C3HC4_4	33.04	2.7e-09
393	7504759	zf-RING_5	zf-C3HC4_3	38.84	7.8e-11
394	7504760	zf-RING_5	zf-C3HC4_2	45.89	2.5e-13
395	7504761	zf-RING_5	Prok-RING_4	42.37	6.3e-12
396	7504767	zf-RING_5	zf-RING_11	34.02	8e-11
397	7504768	zf-RING_5	zf-C3HC4	38.61	4.1e-11
398	7504776	zf-RING_5	zf-RING_UBOX	36.48	4.4e-12
399	7504777	zf-RING_5	zf-rbx1	27.74	3e-07
400	7504828	zf-C3HC4_4	zf-C3HC4_3	31.05	2e-07
401	7504829	zf-C3HC4_4	zf-C3HC4_2	45.21	4.8e-11
402	7504830	zf-C3HC4_4	Prok-RING_4	23.19	4.4e-05
403	7504837	zf-C3HC4_4	zf-C3HC4	48.67	3e-12
404	7504845	zf-C3HC4_4	zf-RING_UBOX	52.32	1.1e-16
405	7504846	zf-C3HC4_4	zf-rbx1	20.79	0.00026
406	7504850	zf-C3HC4_3	zf-C3HC4_2	42.27	3.8e-11
407	7504851	zf-C3HC4_3	Prok-RING_4	50.94	3.2e-13
408	7504857	zf-C3HC4_3	zf-RING_11	22.51	1.6e-06
409	7504858	zf-C3HC4_3	zf-C3HC4	39.71	1.8e-10
410	7504866	zf-C3HC4_3	zf-RING_UBOX	31.38	9.4e-10
411	7504867	zf-C3HC4_3	zf-rbx1	21.86	5.3e-05
412	7504871	zf-C3HC4_2	Prok-RING_4	36.66	9.2e-09
413	7504877	zf-C3HC4_2	zf-RING_11	38.76	3e-11
414	7504878	zf-C3HC4_2	zf-C3HC4	53.59	7.7e-14
415	7504886	zf-C3HC4_2	zf-RING_UBOX	48.2	2.1e-15
416	7504887	zf-C3HC4_2	zf-rbx1	43.89	2.6e-10
417	7504915	IBR	zf-C3HC4	17.74	0.00034
418	7504923	IBR	zf-RING_UBOX	16.01	8.4e-05
419	7504928	zf-C3HC4	Prok-RING_4	34.6	9.4e-09
420	7504932	zf-C3HC4	zf-RING_11	33.78	4.4e-10
421	7504940	zf-C3HC4	zf-RING_UBOX	43.44	6.5e-14
422	7504941	zf-C3HC4	zf-rbx1	33.58	3.5e-08
423	7504965	RINGv	zf-RING_11	15.53	0.00045
424	7504972	RINGv	zf-rbx1	22.69	0.00012
425	7504998	zf-UBP	zf-RING_UBOX	13.01	0.001
426	7505037	Prok-RING_4	zf-RING_11	19.58	2.7e-05
427	7505042	Prok-RING_4	zf-RING_UBOX	31.38	9.6e-10
428	7505043	Prok-RING_4	zf-rbx1	22.98	8.9e-05
429	7505057	zf-RING_11	zf-RING_UBOX	38.98	5.5e-15
430	7505058	zf-RING_11	zf-rbx1	31.31	7.8e-10
431	7505079	zf-RING_UBOX	zf-rbx1	28.24	2.6e-11
432	7505185	EF-hand_1	EF-hand_5	53.08	1.7e-39
433	7505186	EF-hand_1	EF-hand_4	29.05	8.1e-10
434	7505188	EF-hand_1	EF-hand_6	49.37	4.8e-85
435	7505190	EF-hand_1	EF-hand_8	46.85	8.6e-32
436	7505194	EF-hand_1	EF-hand_7	42.49	1.7e-26
437	7505250	EF-hand_5	S_100	17.46	2e-08
438	7505252	EF-hand_5	EF-hand_4	20.87	3.6e-08
439	7505254	EF-hand_5	EF-hand_6	47.53	1.2e-116
440	7505256	EF-hand_5	EF-hand_8	41.87	1e-19
441	7505260	EF-hand_5	EF-hand_7	44.05	1.3e-19
442	7505268	EF-hand_4	EF-hand_6	20.73	3.2e-33
443	7505270	EF-hand_4	EF-hand_8	27.39	2.8e-07
444	7505274	EF-hand_4	EF-hand_7	23.9	1.3e-05
445	7505295	EF-hand_6	EF-hand_8	36.35	1.7e-18
446	7505299	EF-hand_6	EF-hand_7	37.81	6.2e-20
447	7505314	EF-hand_8	S_100	12.45	0.0001
448	7505320	EF-hand_8	EF-hand_7	53.18	1.6e-18
449	7505346	EF-hand_like	S_100	22.18	1.3e-05
450	7505365	S_100	EF-hand_7	12.96	0.0003
451	7505595	Rad60-SLD	FERM_N	18.65	0.00093
452	7505596	Rad60-SLD	ubiquitin	64.93	8.6e-15
453	7505794	RA	FERM_N	21.32	0.00022
454	7505892	FERM_N	UBX	20.03	0.00059
455	7505979	Lig_chan-Glu_bd	SBP_bac_3	56.48	1.7e-09
456	7505983	zf-MYND	zf-FCS	12.06	0.00084
457	7505994	TIR	TIR_2	53.05	5e-09
458	7506485	GST_N_2	GST_N	56.07	2.9e-14
459	7506487	GST_N_2	GST_N_3	72.85	6.7e-19
460	7506491	GST_N_2	Glutaredoxin	31.52	2.3e-08
461	7506499	GST_N_3	GST_N	66.65	1.1e-15
462	7506504	GST_N_3	Glutaredoxin	40.81	3.8e-10
463	7506546	GST_N	Glutaredoxin	25.09	1.1e-05
464	7506568	Glutaredoxin	Thioredoxin	26.25	3.1e-06
465	7506658	SAM_PNT	SAM_1	22.25	0.00016
466	7506659	SAM_PNT	SAM_2	23.12	4.5e-05
467	7506661	SAM_2	SAM_1	88.27	2.6e-26
468	7506666	EGF_CA	cEGF	29.61	4.9e-11
469	7506667	EGF_CA	FXa_inhibition	29.76	4.3e-08
470	7506671	EGF_CA	EGF_2	18.48	2.6e-05
471	7506672	EGF_CA	EGF_3	33.15	1.5e-08
472	7506674	EGF_CA	EGF	28.68	5.1e-10
473	7506675	EGF_CA	hEGF	31.37	6.2e-36
474	7506676	cEGF	FXa_inhibition	40.65	6.6e-24
475	7506679	cEGF	Laminin_EGF	12.28	5.6e-06
476	7506680	cEGF	EGF_2	16.35	5e-10
477	7506681	cEGF	EGF_3	26.68	2.5e-15
478	7506683	cEGF	EGF	26.12	4.9e-17
479	7506684	cEGF	hEGF	29.49	1.1e-65
480	7506687	FXa_inhibition	Laminin_EGF	13.98	0.00084
481	7506688	FXa_inhibition	EGF_2	12.8	0.00017
482	7506689	FXa_inhibition	EGF_3	28.9	2.1e-09
483	7506691	FXa_inhibition	EGF	29.54	1.2e-11
484	7506692	FXa_inhibition	hEGF	25.64	1.5e-42
485	7506706	Laminin_EGF	EGF_2	20.99	6.4e-06
486	7506709	Laminin_EGF	EGF	15.37	2.9e-05
487	7506710	Laminin_EGF	hEGF	10.9	2.2e-23
488	7506711	EGF_2	EGF_3	15.05	2.3e-05
489	7506713	EGF_2	EGF	26.45	1e-11
490	7506714	EGF_2	hEGF	23.27	7.7e-45
491	7506716	EGF_3	EGF	30.37	3.9e-11
492	7506717	EGF_3	hEGF	25.35	1.2e-37
493	7506720	EGF	hEGF	42.28	4.1e-76
494	7506731	Kazal_2	Kazal_1	64.29	2.2e-22
495	7506757	Laminin_G_2	Laminin_G_3	38.69	9.3e-07
496	7506758	Laminin_G_2	Laminin_G_1	111.49	2.5e-21
497	7506843	UBA_4	UBA	35.79	6.4e-18
498	7507100	Ion_trans_2	Ion_trans	32.45	5.8e-06
499	7507101	Ion_trans_2	IRK	24.64	0.00049
500	7507332	PTCB-BRCT	BRCT	61.93	1.8e-15
501	7507395	VWC	TILa	28.11	8.8e-06
502	7507398	TILa	fn1	19.37	0.00022
503	7507414	BAR	BAR_3	50.56	6.5e-07
504	7507552	Arrestin_C	Arrestin_N	28.1	0.00016
505	7507561	CRAL_TRIO_2	CRAL_TRIO	40.64	9.8e-07
506	7507688	zf-C2H2_4	zf-C2H2	39.6	5.2e-38
507	7507689	zf-C2H2_4	zf-C2H2_6	40.17	7.1e-47
508	7507691	zf-C2H2_4	zf-H2C2_5	29.05	1e-33
509	7507693	zf-C2H2_4	zf-H2C2_2	21.38	3.8e-29
510	7507696	zf-C2H2_4	zf-met	32.71	1.8e-29
511	7507697	zf-C2H2_4	zf-C2H2_jaz	32.6	2.5e-37
512	7507699	zf-C2H2_4	zf-BED	21.57	4.5e-24
513	7507705	zf-C2H2_6	zf-C2H2	40.11	4.3e-22
514	7507707	zf-C2H2_6	zf-H2C2_5	16.96	1.9e-09
515	7507709	zf-C2H2_6	zf-H2C2_2	24.51	8e-14
516	7507712	zf-C2H2_6	zf-met	37.44	1.7e-55
517	7507713	zf-C2H2_6	zf-C2H2_jaz	36.18	7.1e-20
518	7507715	zf-C2H2_6	zf-BED	19.84	1.7e-09
519	7507736	zf-H2C2_5	zf-C2H2	38.14	2.1e-16
520	7507738	zf-H2C2_5	zf-H2C2_2	26.73	6e-12
521	7507741	zf-H2C2_5	zf-met	20.92	4.8e-34
522	7507742	zf-H2C2_5	zf-C2H2_jaz	19.09	2e-08
523	7507744	zf-H2C2_5	zf-BED	25.58	1.1e-09
524	7507763	zf-H2C2_2	zf-C2H2	23.37	5.4e-11
525	7507766	zf-H2C2_2	zf-met	20.78	3.9e-37
526	7507767	zf-H2C2_2	zf-C2H2_jaz	23.1	3.9e-11
527	7507769	zf-H2C2_2	zf-BED	14.79	5.6e-06
528	7507786	zf-C2H2_jaz	zf-C2H2	33.81	3.4e-15
529	7507788	zf-C2H2_jaz	zf-met	61.71	2.2e-63
530	7507790	zf-C2H2_jaz	zf-BED	19.12	1.9e-07
531	7507796	zf-BED	zf-C2H2	24.72	4.9e-08
532	7507798	zf-BED	zf-met	19.48	9.5e-27
533	7507821	zf-C2H2	zf-met	35.68	2.4e-36
534	7507945	APOBEC_N	APOBEC_C	71.83	1.2e-12
535	7509317	Methyltransf_11	Methyltransf_12	76.3	7.4e-16
536	7509342	Methyltransf_11	Methyltransf_23	77.2	6.4e-15
537	7509344	Methyltransf_11	Methyltransf_25	93.77	1.3e-19
538	7509366	Methyltransf_11	Methyltransf_31	90.63	1.3e-17
539	7509427	Methyltransf_12	Methyltransf_23	73.41	3e-14
540	7509429	Methyltransf_12	Methyltransf_25	74.3	1.5e-15
541	7509451	Methyltransf_12	Methyltransf_31	77.62	4.1e-15
542	7509586	Pyr_redox_2	NAD_binding_8	41.17	4.3e-07
543	7509638	Pyr_redox_2	ThiF	31.18	0.00085
544	7510298	Methyltransf_23	Methyltransf_25	67.16	6.2e-13
545	7510320	Methyltransf_23	Methyltransf_31	73.48	4e-13
546	7510465	Methyltransf_25	Methyltransf_31	89.7	3.3e-17
547	7510909	adh_short_C2	adh_short	159.76	9.6e-25
548	7510919	adh_short_C2	KR	51.79	1.9e-07
549	7511842	ThiF	NAD_binding_8	25.93	0.00023
550	7512456	adh_short	KR	70.65	9.3e-11
551	7512473	adh_short	Epimerase	32.34	0.00029
552	7512759	KR	Epimerase	32.57	0.00023
553	7513073	AA_permease	AA_permease_2	144.36	4.7e-18
554	7513158	PHD_2	PHD	39.66	2.2e-10
555	7513163	zf-HC5HC2H	zf-HC5HC2H_2	58.84	1.3e-10
