	#TargetID	pfam_id	domain_name	E-value	BitScore	TargetStart	TargetEnd	HMM_Seq	Target_Seq	HMM_Pos	prot	pep	chromosome	chrom_num	gene	transcript	gene_biotype	transcript_biotype	hgncID	hugoSymbol	refseq	entrez	length	HMMStart	HMMEnd
0	ENSP00000352219.3	PF08740	BCS1_N	4.4e-49	164.0	25	191	lgallaaarrllselaslirrrflvsveissdDeaydwvlaWlsaqpasrrsrelsvetrtksrssdssaeedededeeedgkkkkplrylPavgtthlfrykgrllavtRereekssdsetgapeetltltclgrsreilkeLleearelalkkqegktviyraaagsggeWrrvas.RpkRplstV	VGTALALARKGVQLGLVAFRRHYMITLEVPARDRSYAWLLSWLTRH--STRTQHLSVETSYLQHESGRI---------------STKFEFVPSPG-NHFIWYRGKWIRVERSREMQMIDLQTGTPWESVTFTALGTDRKVFFNILEEARELALQQEEGKTVMYTAV---GSEWRPFGYpRRRRPLNSV	1,2,3,4,5,6,7,8,9,10,11,12,13,14,15,16,17,18,19,20,21,22,23,24,25,26,27,28,29,30,31,32,33,34,35,36,37,38,39,40,41,42,43,44,45,46,47,48,49,50,51,52,53,54,55,56,57,58,59,60,61,62,63,64,65,66,67,68,69,70,71,72,73,74,75,76,77,78,79,80,81,82,83,84,85,86,87,88,89,90,91,92,93,94,95,96,97,98,99,100,101,102,103,104,105,106,107,108,109,110,111,112,113,114,115,116,117,118,119,120,121,122,123,124,125,126,127,128,129,130,131,132,133,134,135,136,137,138,139,140,141,142,143,144,145,146,147,148,149,150,151,152,153,154,155,156,157,158,159,160,161,162,163,164,165,166,167,168,169,170,171,172,173,174,175,176,177,178,a178-0,179,180,181,182,183,184,185,186,187	ENSP00000352219.3	known	GRCh37:2:join(219525711..219526030,219526129..219526268,219526482..219526676,219526920..219526983,219527233..219527402,219527606..219527723,219527857..219528109)	2	ENSG00000074582.8	ENST00000359273.3	protein_coding	protein_coding	1020	BCS1L	NP_001073335	617	419	1	187
1	ENSP00000375957.1	PF08740	BCS1_N	4.4e-49	164.0	25	191	lgallaaarrllselaslirrrflvsveissdDeaydwvlaWlsaqpasrrsrelsvetrtksrssdssaeedededeeedgkkkkplrylPavgtthlfrykgrllavtRereekssdsetgapeetltltclgrsreilkeLleearelalkkqegktviyraaagsggeWrrvas.RpkRplstV	VGTALALARKGVQLGLVAFRRHYMITLEVPARDRSYAWLLSWLTRH--STRTQHLSVETSYLQHESGRI---------------STKFEFVPSPG-NHFIWYRGKWIRVERSREMQMIDLQTGTPWESVTFTALGTDRKVFFNILEEARELALQQEEGKTVMYTAV---GSEWRPFGYpRRRRPLNSV	1,2,3,4,5,6,7,8,9,10,11,12,13,14,15,16,17,18,19,20,21,22,23,24,25,26,27,28,29,30,31,32,33,34,35,36,37,38,39,40,41,42,43,44,45,46,47,48,49,50,51,52,53,54,55,56,57,58,59,60,61,62,63,64,65,66,67,68,69,70,71,72,73,74,75,76,77,78,79,80,81,82,83,84,85,86,87,88,89,90,91,92,93,94,95,96,97,98,99,100,101,102,103,104,105,106,107,108,109,110,111,112,113,114,115,116,117,118,119,120,121,122,123,124,125,126,127,128,129,130,131,132,133,134,135,136,137,138,139,140,141,142,143,144,145,146,147,148,149,150,151,152,153,154,155,156,157,158,159,160,161,162,163,164,165,166,167,168,169,170,171,172,173,174,175,176,177,178,a178-0,179,180,181,182,183,184,185,186,187	ENSP00000375957.1	known	GRCh37:2:join(219525711..219526030,219526129..219526268,219526482..219526676,219526920..219526983,219527233..219527402,219527606..219527723,219527857..219528109)	2	ENSG00000074582.8	ENST00000392109.1	protein_coding	protein_coding	1020	BCS1L	NP_004319	617	419	1	187
2	ENSP00000375958.2	PF08740	BCS1_N	4.4e-49	164.0	25	191	lgallaaarrllselaslirrrflvsveissdDeaydwvlaWlsaqpasrrsrelsvetrtksrssdssaeedededeeedgkkkkplrylPavgtthlfrykgrllavtRereekssdsetgapeetltltclgrsreilkeLleearelalkkqegktviyraaagsggeWrrvas.RpkRplstV	VGTALALARKGVQLGLVAFRRHYMITLEVPARDRSYAWLLSWLTRH--STRTQHLSVETSYLQHESGRI---------------STKFEFVPSPG-NHFIWYRGKWIRVERSREMQMIDLQTGTPWESVTFTALGTDRKVFFNILEEARELALQQEEGKTVMYTAV---GSEWRPFGYpRRRRPLNSV	1,2,3,4,5,6,7,8,9,10,11,12,13,14,15,16,17,18,19,20,21,22,23,24,25,26,27,28,29,30,31,32,33,34,35,36,37,38,39,40,41,42,43,44,45,46,47,48,49,50,51,52,53,54,55,56,57,58,59,60,61,62,63,64,65,66,67,68,69,70,71,72,73,74,75,76,77,78,79,80,81,82,83,84,85,86,87,88,89,90,91,92,93,94,95,96,97,98,99,100,101,102,103,104,105,106,107,108,109,110,111,112,113,114,115,116,117,118,119,120,121,122,123,124,125,126,127,128,129,130,131,132,133,134,135,136,137,138,139,140,141,142,143,144,145,146,147,148,149,150,151,152,153,154,155,156,157,158,159,160,161,162,163,164,165,166,167,168,169,170,171,172,173,174,175,176,177,178,a178-0,179,180,181,182,183,184,185,186,187	ENSP00000375958.2	known	GRCh37:2:join(219525711..219526030,219526129..219526268,219526482..219526676,219526920..219526983,219527233..219527402,219527606..219527723,219527857..219528109)	2	ENSG00000074582.8	ENST00000392110.2	protein_coding	protein_coding	1020	BCS1L	NP_001244271	617	419	1	187
3	ENSP00000375959.2	PF08740	BCS1_N	4.4e-49	164.0	25	191	lgallaaarrllselaslirrrflvsveissdDeaydwvlaWlsaqpasrrsrelsvetrtksrssdssaeedededeeedgkkkkplrylPavgtthlfrykgrllavtRereekssdsetgapeetltltclgrsreilkeLleearelalkkqegktviyraaagsggeWrrvas.RpkRplstV	VGTALALARKGVQLGLVAFRRHYMITLEVPARDRSYAWLLSWLTRH--STRTQHLSVETSYLQHESGRI---------------STKFEFVPSPG-NHFIWYRGKWIRVERSREMQMIDLQTGTPWESVTFTALGTDRKVFFNILEEARELALQQEEGKTVMYTAV---GSEWRPFGYpRRRRPLNSV	1,2,3,4,5,6,7,8,9,10,11,12,13,14,15,16,17,18,19,20,21,22,23,24,25,26,27,28,29,30,31,32,33,34,35,36,37,38,39,40,41,42,43,44,45,46,47,48,49,50,51,52,53,54,55,56,57,58,59,60,61,62,63,64,65,66,67,68,69,70,71,72,73,74,75,76,77,78,79,80,81,82,83,84,85,86,87,88,89,90,91,92,93,94,95,96,97,98,99,100,101,102,103,104,105,106,107,108,109,110,111,112,113,114,115,116,117,118,119,120,121,122,123,124,125,126,127,128,129,130,131,132,133,134,135,136,137,138,139,140,141,142,143,144,145,146,147,148,149,150,151,152,153,154,155,156,157,158,159,160,161,162,163,164,165,166,167,168,169,170,171,172,173,174,175,176,177,178,a178-0,179,180,181,182,183,184,185,186,187	ENSP00000375959.2	known	GRCh37:2:join(219525711..219526030,219526129..219526268,219526482..219526676,219526920..219526983,219527233..219527402,219527606..219527723,219527857..219528109)	2	ENSG00000074582.8	ENST00000392111.2	protein_coding	protein_coding	1020	BCS1L	XP_005246805	617	419	1	187
4	ENSP00000395440.1	PF08740	BCS1_N	4.4e-49	164.0	25	191	lgallaaarrllselaslirrrflvsveissdDeaydwvlaWlsaqpasrrsrelsvetrtksrssdssaeedededeeedgkkkkplrylPavgtthlfrykgrllavtRereekssdsetgapeetltltclgrsreilkeLleearelalkkqegktviyraaagsggeWrrvas.RpkRplstV	VGTALALARKGVQLGLVAFRRHYMITLEVPARDRSYAWLLSWLTRH--STRTQHLSVETSYLQHESGRI---------------STKFEFVPSPG-NHFIWYRGKWIRVERSREMQMIDLQTGTPWESVTFTALGTDRKVFFNILEEARELALQQEEGKTVMYTAV---GSEWRPFGYpRRRRPLNSV	1,2,3,4,5,6,7,8,9,10,11,12,13,14,15,16,17,18,19,20,21,22,23,24,25,26,27,28,29,30,31,32,33,34,35,36,37,38,39,40,41,42,43,44,45,46,47,48,49,50,51,52,53,54,55,56,57,58,59,60,61,62,63,64,65,66,67,68,69,70,71,72,73,74,75,76,77,78,79,80,81,82,83,84,85,86,87,88,89,90,91,92,93,94,95,96,97,98,99,100,101,102,103,104,105,106,107,108,109,110,111,112,113,114,115,116,117,118,119,120,121,122,123,124,125,126,127,128,129,130,131,132,133,134,135,136,137,138,139,140,141,142,143,144,145,146,147,148,149,150,151,152,153,154,155,156,157,158,159,160,161,162,163,164,165,166,167,168,169,170,171,172,173,174,175,176,177,178,a178-0,179,180,181,182,183,184,185,186,187	ENSP00000395440.1	known	GRCh37:2:join(-619..-619,219525711..219526030,219526129..219526268,219526482..219526639)	2	ENSG00000074582.8	ENST00000456050.1	protein_coding	protein_coding	1020	BCS1L		617	206	1	187
5	ENSP00000398957.1	PF08740	BCS1_N	4.4e-49	164.0	25	191	lgallaaarrllselaslirrrflvsveissdDeaydwvlaWlsaqpasrrsrelsvetrtksrssdssaeedededeeedgkkkkplrylPavgtthlfrykgrllavtRereekssdsetgapeetltltclgrsreilkeLleearelalkkqegktviyraaagsggeWrrvas.RpkRplstV	VGTALALARKGVQLGLVAFRRHYMITLEVPARDRSYAWLLSWLTRH--STRTQHLSVETSYLQHESGRI---------------STKFEFVPSPG-NHFIWYRGKWIRVERSREMQMIDLQTGTPWESVTFTALGTDRKVFFNILEEARELALQQEEGKTVMYTAV---GSEWRPFGYpRRRRPLNSV	1,2,3,4,5,6,7,8,9,10,11,12,13,14,15,16,17,18,19,20,21,22,23,24,25,26,27,28,29,30,31,32,33,34,35,36,37,38,39,40,41,42,43,44,45,46,47,48,49,50,51,52,53,54,55,56,57,58,59,60,61,62,63,64,65,66,67,68,69,70,71,72,73,74,75,76,77,78,79,80,81,82,83,84,85,86,87,88,89,90,91,92,93,94,95,96,97,98,99,100,101,102,103,104,105,106,107,108,109,110,111,112,113,114,115,116,117,118,119,120,121,122,123,124,125,126,127,128,129,130,131,132,133,134,135,136,137,138,139,140,141,142,143,144,145,146,147,148,149,150,151,152,153,154,155,156,157,158,159,160,161,162,163,164,165,166,167,168,169,170,171,172,173,174,175,176,177,178,a178-0,179,180,181,182,183,184,185,186,187	ENSP00000398957.1	known	GRCh37:2:join(-619..-619,219525711..219526030,219526129..219526268,219526482..219526639)	2	ENSG00000074582.8	ENST00000430322.1	protein_coding	protein_coding	1020	BCS1L		617	206	1	187
6	ENSP00000404999.1	PF08740	BCS1_N	4.4e-49	164.0	25	191	lgallaaarrllselaslirrrflvsveissdDeaydwvlaWlsaqpasrrsrelsvetrtksrssdssaeedededeeedgkkkkplrylPavgtthlfrykgrllavtRereekssdsetgapeetltltclgrsreilkeLleearelalkkqegktviyraaagsggeWrrvas.RpkRplstV	VGTALALARKGVQLGLVAFRRHYMITLEVPARDRSYAWLLSWLTRH--STRTQHLSVETSYLQHESGRI---------------STKFEFVPSPG-NHFIWYRGKWIRVERSREMQMIDLQTGTPWESVTFTALGTDRKVFFNILEEARELALQQEEGKTVMYTAV---GSEWRPFGYpRRRRPLNSV	1,2,3,4,5,6,7,8,9,10,11,12,13,14,15,16,17,18,19,20,21,22,23,24,25,26,27,28,29,30,31,32,33,34,35,36,37,38,39,40,41,42,43,44,45,46,47,48,49,50,51,52,53,54,55,56,57,58,59,60,61,62,63,64,65,66,67,68,69,70,71,72,73,74,75,76,77,78,79,80,81,82,83,84,85,86,87,88,89,90,91,92,93,94,95,96,97,98,99,100,101,102,103,104,105,106,107,108,109,110,111,112,113,114,115,116,117,118,119,120,121,122,123,124,125,126,127,128,129,130,131,132,133,134,135,136,137,138,139,140,141,142,143,144,145,146,147,148,149,150,151,152,153,154,155,156,157,158,159,160,161,162,163,164,165,166,167,168,169,170,171,172,173,174,175,176,177,178,a178-0,179,180,181,182,183,184,185,186,187	ENSP00000404999.1	known	GRCh37:2:join(219525711..219526030,219526129..219526268,219526482..219526676,219526920..219526983,219527233..219527402,219527606..219527723,219527857..219528109)	2	ENSG00000074582.8	ENST00000439945.1	protein_coding	protein_coding	1020	BCS1L	XP_005246805	617	419	1	187
7	ENSP00000406494.1	PF08740	BCS1_N	4.4e-49	164.0	25	191	lgallaaarrllselaslirrrflvsveissdDeaydwvlaWlsaqpasrrsrelsvetrtksrssdssaeedededeeedgkkkkplrylPavgtthlfrykgrllavtRereekssdsetgapeetltltclgrsreilkeLleearelalkkqegktviyraaagsggeWrrvas.RpkRplstV	VGTALALARKGVQLGLVAFRRHYMITLEVPARDRSYAWLLSWLTRH--STRTQHLSVETSYLQHESGRI---------------STKFEFVPSPG-NHFIWYRGKWIRVERSREMQMIDLQTGTPWESVTFTALGTDRKVFFNILEEARELALQQEEGKTVMYTAV---GSEWRPFGYpRRRRPLNSV	1,2,3,4,5,6,7,8,9,10,11,12,13,14,15,16,17,18,19,20,21,22,23,24,25,26,27,28,29,30,31,32,33,34,35,36,37,38,39,40,41,42,43,44,45,46,47,48,49,50,51,52,53,54,55,56,57,58,59,60,61,62,63,64,65,66,67,68,69,70,71,72,73,74,75,76,77,78,79,80,81,82,83,84,85,86,87,88,89,90,91,92,93,94,95,96,97,98,99,100,101,102,103,104,105,106,107,108,109,110,111,112,113,114,115,116,117,118,119,120,121,122,123,124,125,126,127,128,129,130,131,132,133,134,135,136,137,138,139,140,141,142,143,144,145,146,147,148,149,150,151,152,153,154,155,156,157,158,159,160,161,162,163,164,165,166,167,168,169,170,171,172,173,174,175,176,177,178,a178-0,179,180,181,182,183,184,185,186,187	ENSP00000406494.1	known	GRCh37:2:join(219525711..219526030,219526129..219526268,219526482..219526676,219526920..219526983,219527233..219527402,219527606..219527723,219527857..219528109)	2	ENSG00000074582.8	ENST00000412366.1	protein_coding	protein_coding	1020	BCS1L	XP_005246805	617	419	1	187
8	ENSP00000413908.1	PF08740	BCS1_N	4.4e-49	164.0	25	191	lgallaaarrllselaslirrrflvsveissdDeaydwvlaWlsaqpasrrsrelsvetrtksrssdssaeedededeeedgkkkkplrylPavgtthlfrykgrllavtRereekssdsetgapeetltltclgrsreilkeLleearelalkkqegktviyraaagsggeWrrvas.RpkRplstV	VGTALALARKGVQLGLVAFRRHYMITLEVPARDRSYAWLLSWLTRH--STRTQHLSVETSYLQHESGRI---------------STKFEFVPSPG-NHFIWYRGKWIRVERSREMQMIDLQTGTPWESVTFTALGTDRKVFFNILEEARELALQQEEGKTVMYTAV---GSEWRPFGYpRRRRPLNSV	1,2,3,4,5,6,7,8,9,10,11,12,13,14,15,16,17,18,19,20,21,22,23,24,25,26,27,28,29,30,31,32,33,34,35,36,37,38,39,40,41,42,43,44,45,46,47,48,49,50,51,52,53,54,55,56,57,58,59,60,61,62,63,64,65,66,67,68,69,70,71,72,73,74,75,76,77,78,79,80,81,82,83,84,85,86,87,88,89,90,91,92,93,94,95,96,97,98,99,100,101,102,103,104,105,106,107,108,109,110,111,112,113,114,115,116,117,118,119,120,121,122,123,124,125,126,127,128,129,130,131,132,133,134,135,136,137,138,139,140,141,142,143,144,145,146,147,148,149,150,151,152,153,154,155,156,157,158,159,160,161,162,163,164,165,166,167,168,169,170,171,172,173,174,175,176,177,178,a178-0,179,180,181,182,183,184,185,186,187	ENSP00000413908.1	known	GRCh37:2:join(219525711..219526030,219526129..219526268,219526482..219526676,219526920..219526983,219527233..219527402,219527606..219527723,219527857..219528109)	2	ENSG00000074582.8	ENST00000431802.1	protein_coding	protein_coding	1020	BCS1L	XP_005246804	617	419	1	187
