	length	metabolite_number_neg	metabolite_number_pos	metabolite_max	peptide_number_neg	peptide_number_pos	peptide_max	rna_number_neg	rna_number_pos	rna_max	druglike_number_neg	druglike_number_pos	druglike_max	ion_number_neg	ion_number_pos	ion_max	sm_number_neg	sm_number_pos	sm_max	dna_number_neg	dna_number_pos	dna_max	metabolite_label	metabolite_frac_neg	metabolite_frac_pos	peptide_label	peptide_frac_neg	peptide_frac_pos	rna_label	rna_frac_neg	rna_frac_pos	druglike_label	druglike_frac_neg	druglike_frac_pos	ion_label	ion_frac_neg	ion_frac_pos	sm_label	sm_frac_neg	sm_frac_pos	dna_label	dna_frac_neg	dna_frac_pos
2OG-FeII_Oxy_3	96.0	57.0	1.0	0.545407656376	73.0	7.0	0.749645390071	96.0	0.0	0.0	68.0	12.0	1.0	48.0	0.0	0.36770351426	31.0	5.0	0.594448913015	96.0	0.0	0.0	1.0	0.59375	0.0104166666667	1.0	0.760416666667	0.0729166666667	0.0	1.0	0.0	1.0	0.708333333333	0.125	0.0	0.5	0.0	1.0	0.322916666667	0.0520833333333	0.0	1.0	0.0
7TM_GPCR_Srsx	257.0	196.0	0.0	0.215148194657	232.0	2.0	0.496161732667	257.0	0.0	0.0	114.0	0.0	0.521142545241	230.0	0.0	0.259871966835	86.0	0.0	0.630068646175	257.0	0.0	0.0	0.0	0.762645914397	0.0	1.0	0.902723735409	0.00778210116732	0.0	1.0	0.0	0.0	0.443579766537	0.0	0.0	0.894941634241	0.0	0.0	0.334630350195	0.0	0.0	1.0	0.0
7tm_1	268.0	201.0	0.0	0.178516995124	189.0	0.0	0.272335803622	268.0	0.0	0.0	121.0	0.0	0.532578624231	241.0	1.0	0.334823440684	69.0	0.0	0.563937098229	268.0	0.0	0.0	0.0	0.75	0.0	0.0	0.705223880597	0.0	0.0	1.0	0.0	0.0	0.451492537313	0.0	1.0	0.899253731343	0.00373134328358	0.0	0.257462686567	0.0	0.0	1.0	0.0
7tm_2	245.0	245.0	0.0	0.0	245.0	0.0	0.0	245.0	0.0	0.0	245.0	0.0	0.0	245.0	0.0	0.0	235.0	0.0	0.196200860048	245.0	0.0	0.0	0.0	1.0	0.0	0.0	1.0	0.0	0.0	1.0	0.0	0.0	1.0	0.0	0.0	1.0	0.0	0.0	0.959183673469	0.0	0.0	1.0	0.0
7tm_3	238.0	238.0	0.0	0.0	238.0	0.0	0.0	238.0	0.0	0.0	238.0	0.0	0.0	238.0	0.0	0.0	219.0	0.0	0.541472366148	238.0	0.0	0.0	0.0	1.0	0.0	0.0	1.0	0.0	0.0	1.0	0.0	0.0	1.0	0.0	0.0	1.0	0.0	0.0	0.920168067227	0.0	0.0	1.0	0.0
7tm_4	280.0	280.0	0.0	0.0	280.0	0.0	0.0	280.0	0.0	0.0	252.0	0.0	0.528911564626	280.0	0.0	0.0	241.0	1.0	0.526010959939	280.0	0.0	0.0	0.0	1.0	0.0	0.0	1.0	0.0	0.0	1.0	0.0	0.0	0.9	0.0	0.0	1.0	0.0	1.0	0.860714285714	0.00357142857143	0.0	1.0	0.0
A2M_N_2	139.0	139.0	0.0	0.0	139.0	0.0	0.0	139.0	0.0	0.0	139.0	0.0	0.0	139.0	0.0	0.0	139.0	0.0	0.0	139.0	0.0	0.0	0.0	1.0	0.0	0.0	1.0	0.0	0.0	1.0	0.0	0.0	1.0	0.0	0.0	1.0	0.0	0.0	1.0	0.0	0.0	1.0	0.0
AAA_12	200.0	192.0	0.0	0.279777777778	200.0	0.0	0.0	173.0	0.0	0.556910569105	186.0	0.0	0.206858906526	195.0	0.0	0.390833333333	186.0	0.0	0.206858906526	200.0	0.0	0.0	0.0	0.96	0.0	0.0	1.0	0.0	0.0	0.865	0.0	0.0	0.93	0.0	0.0	0.975	0.0	0.0	0.93	0.0	0.0	1.0	0.0
AAA_17	136.0	81.0	20.0	0.897964402609	136.0	0.0	0.0	136.0	0.0	0.0	78.0	20.0	0.896003298281	107.0	0.0	0.304269432777	77.0	21.0	0.896003298281	136.0	0.0	0.0	1.0	0.595588235294	0.147058823529	0.0	1.0	0.0	0.0	1.0	0.0	1.0	0.573529411765	0.147058823529	0.0	0.786764705882	0.0	1.0	0.566176470588	0.154411764706	0.0	1.0	0.0
AAA_18	130.0	71.0	7.0	0.909534390439	130.0	0.0	0.0	130.0	0.0	0.0	66.0	8.0	0.90936658677	104.0	0.0	0.621412390206	65.0	8.0	0.877246305537	130.0	0.0	0.0	1.0	0.546153846154	0.0538461538462	0.0	1.0	0.0	0.0	1.0	0.0	1.0	0.507692307692	0.0615384615385	0.0	0.8	0.0	1.0	0.5	0.0615384615385	0.0	1.0	0.0
AA_permease_2	425.0	423.0	0.0	0.0	423.0	0.0	0.0	423.0	0.0	0.0	414.0	3.0	0.798253012048	423.0	0.0	0.0	414.0	3.0	0.798253012048	423.0	0.0	0.0	0.0	0.995294117647	0.0	0.0	0.995294117647	0.0	0.0	0.995294117647	0.0	1.0	0.974117647059	0.00705882352941	0.0	0.995294117647	0.0	1.0	0.974117647059	0.00705882352941	0.0	0.995294117647	0.0
ABC_membrane	274.0	253.0	0.0	0.26000054547	274.0	0.0	0.0	274.0	0.0	0.0	247.0	0.0	0.302144310889	274.0	0.0	0.0	228.0	0.0	0.217959259416	274.0	0.0	0.0	0.0	0.923357664234	0.0	0.0	1.0	0.0	0.0	1.0	0.0	0.0	0.901459854015	0.0	0.0	1.0	0.0	0.0	0.832116788321	0.0	0.0	1.0	0.0
ADH_N	109.0	68.0	3.0	0.755836949685	109.0	0.0	0.0	109.0	0.0	0.0	66.0	4.0	0.731940567006	41.0	6.0	0.785458048031	58.0	5.0	0.704749517715	109.0	0.0	0.0	1.0	0.623853211009	0.0275229357798	0.0	1.0	0.0	0.0	1.0	0.0	1.0	0.605504587156	0.0366972477064	1.0	0.376146788991	0.0550458715596	1.0	0.532110091743	0.045871559633	0.0	1.0	0.0
ADH_zinc_N	130.0	27.0	5.0	0.723401594551	130.0	0.0	0.0	130.0	0.0	0.0	22.0	5.0	0.703285827915	111.0	0.0	0.152618324822	22.0	5.0	0.702542984592	130.0	0.0	0.0	1.0	0.207692307692	0.0384615384615	0.0	1.0	0.0	0.0	1.0	0.0	1.0	0.169230769231	0.0384615384615	0.0	0.853846153846	0.0	1.0	0.169230769231	0.0384615384615	0.0	1.0	0.0
AMP-binding	423.0	334.0	0.0	0.510609165628	423.0	0.0	0.0	423.0	0.0	0.0	294.0	0.0	0.434555215435	385.0	0.0	0.232432295299	282.0	0.0	0.448705237849	423.0	0.0	0.0	0.0	0.789598108747	0.0	0.0	1.0	0.0	0.0	1.0	0.0	0.0	0.695035460993	0.0	0.0	0.910165484634	0.0	0.0	0.666666666667	0.0	0.0	1.0	0.0
AMP-binding_C	76.0	74.0	1.0	0.873192951016	76.0	0.0	0.0	76.0	0.0	0.0	68.0	6.0	0.579982345635	76.0	0.0	0.0	60.0	1.0	0.43747156983	76.0	0.0	0.0	1.0	0.973684210526	0.0131578947368	0.0	1.0	0.0	0.0	1.0	0.0	1.0	0.894736842105	0.0789473684211	0.0	1.0	0.0	1.0	0.789473684211	0.0131578947368	0.0	1.0	0.0
ANAPC3	82.0	82.0	0.0	0.0	31.0	1.0	0.527751602533	82.0	0.0	0.0	82.0	0.0	0.0	82.0	0.0	0.0	82.0	0.0	0.0	82.0	0.0	0.0	0.0	1.0	0.0	1.0	0.378048780488	0.0121951219512	0.0	1.0	0.0	0.0	1.0	0.0	0.0	1.0	0.0	0.0	1.0	0.0	0.0	1.0	0.0
ANAPC4_WD40	92.0	92.0	0.0	0.0	45.0	0.0	0.282286223303	62.0	0.0	0.162068672068	75.0	0.0	0.151380952381	92.0	0.0	0.0	64.0	0.0	0.180844571111	92.0	0.0	0.0	0.0	1.0	0.0	0.0	0.489130434783	0.0	0.0	0.673913043478	0.0	0.0	0.815217391304	0.0	0.0	1.0	0.0	0.0	0.695652173913	0.0	0.0	1.0	0.0
ANATO	36.0	36.0	0.0	0.0	36.0	0.0	0.0	36.0	0.0	0.0	36.0	0.0	0.0	36.0	0.0	0.0	36.0	0.0	0.0	36.0	0.0	0.0	0.0	1.0	0.0	0.0	1.0	0.0	0.0	1.0	0.0	0.0	1.0	0.0	0.0	1.0	0.0	0.0	1.0	0.0	0.0	1.0	0.0
ANF_receptor	352.0	272.0	0.0	0.460539730001	308.0	0.0	0.502453580901	352.0	0.0	0.0	238.0	0.0	0.374565032173	309.0	0.0	0.164721512852	211.0	0.0	0.364544938954	352.0	0.0	0.0	0.0	0.772727272727	0.0	0.0	0.875	0.0	0.0	1.0	0.0	0.0	0.676136363636	0.0	0.0	0.877840909091	0.0	0.0	0.599431818182	0.0	0.0	1.0	0.0
APOBEC_C	78.0	78.0	0.0	0.0	78.0	0.0	0.0	78.0	0.0	0.0	78.0	0.0	0.0	74.0	0.0	0.418803418803	78.0	0.0	0.0	68.0	3.0	0.468376068376	0.0	1.0	0.0	0.0	1.0	0.0	0.0	1.0	0.0	0.0	1.0	0.0	0.0	0.948717948718	0.0	0.0	1.0	0.0	1.0	0.871794871795	0.0384615384615
ARID	89.0	87.0	0.0	0.0	87.0	0.0	0.0	87.0	0.0	0.0	87.0	0.0	0.0	87.0	0.0	0.0	87.0	0.0	0.0	87.0	0.0	0.0	0.0	0.977528089888	0.0	0.0	0.977528089888	0.0	0.0	0.977528089888	0.0	0.0	0.977528089888	0.0	0.0	0.977528089888	0.0	0.0	0.977528089888	0.0	0.0	0.977528089888	0.0
Abhydrolase_1	256.0	209.0	2.0	0.607829104122	256.0	0.0	0.0	256.0	0.0	0.0	121.0	3.0	0.733680554106	200.0	0.0	0.20488166937	92.0	2.0	0.721866776221	256.0	0.0	0.0	1.0	0.81640625	0.0078125	0.0	1.0	0.0	0.0	1.0	0.0	1.0	0.47265625	0.01171875	0.0	0.78125	0.0	1.0	0.359375	0.0078125	0.0	1.0	0.0
Abhydrolase_6	212.0	174.0	3.0	0.657584000983	212.0	0.0	0.0	212.0	0.0	0.0	122.0	3.0	0.761871080447	180.0	0.0	0.402025299952	82.0	3.0	0.735091860726	212.0	0.0	0.0	1.0	0.820754716981	0.0141509433962	0.0	1.0	0.0	0.0	1.0	0.0	1.0	0.575471698113	0.0141509433962	0.0	0.849056603774	0.0	1.0	0.38679245283	0.0141509433962	0.0	1.0	0.0
Acetyltransf_1	117.0	83.0	10.0	0.298577166978	79.0	4.0	0.570159020875	117.0	0.0	0.0	14.0	4.0	0.697722892121	77.0	0.0	0.172200470157	14.0	4.0	0.687127227651	117.0	0.0	0.0	1.0	0.709401709402	0.0854700854701	1.0	0.675213675214	0.034188034188	0.0	1.0	0.0	1.0	0.119658119658	0.034188034188	0.0	0.65811965812	0.0	1.0	0.119658119658	0.034188034188	0.0	1.0	0.0
Actin	407.0	354.0	6.0	0.796343685684	407.0	0.0	0.0	407.0	0.0	0.0	350.0	6.0	0.778214977572	391.0	0.0	0.326722150292	333.0	3.0	0.766018506694	407.0	0.0	0.0	1.0	0.869778869779	0.014742014742	0.0	1.0	0.0	0.0	1.0	0.0	1.0	0.859950859951	0.014742014742	0.0	0.960687960688	0.0	1.0	0.818181818182	0.00737100737101	0.0	1.0	0.0
Acyl-CoA_dh_1	150.0	150.0	0.0	0.0	150.0	0.0	0.0	150.0	0.0	0.0	78.0	5.0	0.614849593995	141.0	0.0	0.459330484331	73.0	5.0	0.590737848684	150.0	0.0	0.0	0.0	1.0	0.0	0.0	1.0	0.0	0.0	1.0	0.0	1.0	0.52	0.0333333333333	0.0	0.94	0.0	1.0	0.486666666667	0.0333333333333	0.0	1.0	0.0
Acyl-CoA_dh_2	134.0	132.0	0.0	0.0	132.0	0.0	0.0	132.0	0.0	0.0	78.0	0.0	0.586586737679	128.0	0.0	0.467039800995	69.0	0.0	0.563739794029	132.0	0.0	0.0	0.0	0.985074626866	0.0	0.0	0.985074626866	0.0	0.0	0.985074626866	0.0	0.0	0.582089552239	0.0	0.0	0.955223880597	0.0	0.0	0.514925373134	0.0	0.0	0.985074626866	0.0
Acyl-CoA_dh_M	97.0	97.0	0.0	0.0	97.0	0.0	0.0	97.0	0.0	0.0	48.0	10.0	0.843121108483	90.0	0.0	0.414141414142	46.0	8.0	0.81782608144	97.0	0.0	0.0	0.0	1.0	0.0	0.0	1.0	0.0	0.0	1.0	0.0	1.0	0.494845360825	0.103092783505	0.0	0.927835051546	0.0	1.0	0.474226804124	0.0824742268041	0.0	1.0	0.0
Acyl-CoA_dh_N	113.0	113.0	0.0	0.0	113.0	0.0	0.0	113.0	0.0	0.0	99.0	1.0	0.46769915795	113.0	0.0	0.0	98.0	3.0	0.441824093378	113.0	0.0	0.0	0.0	1.0	0.0	0.0	1.0	0.0	0.0	1.0	0.0	1.0	0.87610619469	0.00884955752212	0.0	1.0	0.0	1.0	0.867256637168	0.0265486725664	0.0	1.0	0.0
Adap_comp_sub	264.0	264.0	0.0	0.0	246.0	2.0	0.713043641412	264.0	0.0	0.0	264.0	0.0	0.0	264.0	0.0	0.0	264.0	0.0	0.0	264.0	0.0	0.0	0.0	1.0	0.0	1.0	0.931818181818	0.00757575757576	0.0	1.0	0.0	0.0	1.0	0.0	0.0	1.0	0.0	0.0	1.0	0.0	0.0	1.0	0.0
Aldedh	462.0	288.0	23.0	0.828548633602	462.0	0.0	0.0	462.0	0.0	0.0	273.0	22.0	0.803887003296	429.0	1.0	0.347093173715	269.0	22.0	0.757590484541	462.0	0.0	0.0	1.0	0.623376623377	0.0497835497835	0.0	1.0	0.0	0.0	1.0	0.0	1.0	0.590909090909	0.047619047619	1.0	0.928571428571	0.0021645021645	1.0	0.582251082251	0.047619047619	0.0	1.0	0.0
Aldo_ket_red	292.0	138.0	35.0	0.800084531689	291.0	0.0	0.0	291.0	0.0	0.0	130.0	38.0	0.806971877702	274.0	0.0	0.367777071134	125.0	38.0	0.820953677484	291.0	0.0	0.0	1.0	0.472602739726	0.119863013699	0.0	0.996575342466	0.0	0.0	0.996575342466	0.0	1.0	0.445205479452	0.130136986301	0.0	0.938356164384	0.0	1.0	0.428082191781	0.130136986301	0.0	0.996575342466	0.0
Aminotran_1_2	363.0	291.0	0.0	0.461134859815	363.0	0.0	0.0	363.0	0.0	0.0	166.0	9.0	0.639541895334	315.0	0.0	0.338950136826	150.0	7.0	0.632682871932	363.0	0.0	0.0	0.0	0.801652892562	0.0	0.0	1.0	0.0	0.0	1.0	0.0	1.0	0.457300275482	0.0247933884298	0.0	0.867768595041	0.0	1.0	0.413223140496	0.0192837465565	0.0	1.0	0.0
Ank_5	56.0	43.0	12.0	0.618554105324	32.0	5.0	0.779072963829	56.0	0.0	0.0	39.0	1.0	0.337434337111	56.0	0.0	0.0	37.0	1.0	0.335764204356	56.0	0.0	0.0	1.0	0.767857142857	0.214285714286	1.0	0.571428571429	0.0892857142857	0.0	1.0	0.0	1.0	0.696428571429	0.0178571428571	0.0	1.0	0.0	1.0	0.660714285714	0.0178571428571	0.0	1.0	0.0
Annexin	66.0	66.0	0.0	0.0	66.0	0.0	0.0	66.0	0.0	0.0	42.0	0.0	0.280652804907	30.0	0.0	0.723012337661	42.0	1.0	0.280652804907	66.0	0.0	0.0	0.0	1.0	0.0	0.0	1.0	0.0	0.0	1.0	0.0	0.0	0.636363636364	0.0	0.0	0.454545454545	0.0	1.0	0.636363636364	0.0151515151515	0.0	1.0	0.0
Anticodon_1	152.0	151.0	0.0	0.0	151.0	0.0	0.0	74.0	7.0	0.573578762966	151.0	0.0	0.0	151.0	0.0	0.0	151.0	0.0	0.0	151.0	0.0	0.0	0.0	0.993421052632	0.0	0.0	0.993421052632	0.0	1.0	0.486842105263	0.0460526315789	0.0	0.993421052632	0.0	0.0	0.993421052632	0.0	0.0	0.993421052632	0.0	0.0	0.993421052632	0.0
ArfGap	117.0	117.0	0.0	0.0	117.0	0.0	0.0	117.0	0.0	0.0	117.0	0.0	0.0	104.0	4.0	0.956039184724	117.0	0.0	0.0	117.0	0.0	0.0	0.0	1.0	0.0	0.0	1.0	0.0	0.0	1.0	0.0	0.0	1.0	0.0	1.0	0.888888888889	0.034188034188	0.0	1.0	0.0	0.0	1.0	0.0
Arm	41.0	9.0	0.0	0.273327558982	5.0	4.0	0.480273937261	41.0	0.0	0.0	9.0	0.0	0.247935296785	35.0	0.0	0.507844083499	9.0	0.0	0.515637653439	41.0	0.0	0.0	0.0	0.219512195122	0.0	1.0	0.121951219512	0.0975609756098	0.0	1.0	0.0	0.0	0.219512195122	0.0	0.0	0.853658536585	0.0	0.0	0.219512195122	0.0	0.0	1.0	0.0
Arrestin_C	137.0	137.0	0.0	0.0	137.0	0.0	0.0	137.0	0.0	0.0	137.0	0.0	0.0	137.0	0.0	0.0	137.0	0.0	0.0	137.0	0.0	0.0	0.0	1.0	0.0	0.0	1.0	0.0	0.0	1.0	0.0	0.0	1.0	0.0	0.0	1.0	0.0	0.0	1.0	0.0	0.0	1.0	0.0
Arrestin_N	146.0	146.0	0.0	0.0	146.0	0.0	0.0	146.0	0.0	0.0	146.0	0.0	0.0	146.0	0.0	0.0	146.0	0.0	0.0	146.0	0.0	0.0	0.0	1.0	0.0	0.0	1.0	0.0	0.0	1.0	0.0	0.0	1.0	0.0	0.0	1.0	0.0	0.0	1.0	0.0	0.0	1.0	0.0
Asp	315.0	286.0	1.0	0.290404645337	178.0	6.0	0.795039636636	315.0	0.0	0.0	223.0	2.0	0.626571637786	277.0	0.0	0.257629866743	126.0	3.0	0.831121711001	315.0	0.0	0.0	1.0	0.907936507937	0.0031746031746	1.0	0.565079365079	0.0190476190476	0.0	1.0	0.0	1.0	0.707936507937	0.00634920634921	0.0	0.879365079365	0.0	1.0	0.4	0.00952380952381	0.0	1.0	0.0
BAH	122.0	122.0	0.0	0.0	98.0	0.0	0.511815920398	122.0	0.0	0.0	122.0	0.0	0.0	111.0	0.0	0.157384014243	122.0	0.0	0.0	122.0	0.0	0.0	0.0	1.0	0.0	0.0	0.803278688525	0.0	0.0	1.0	0.0	0.0	1.0	0.0	0.0	0.909836065574	0.0	0.0	1.0	0.0	0.0	1.0	0.0
BIR	73.0	73.0	0.0	0.0	57.0	9.0	1.0	73.0	0.0	0.0	73.0	0.0	0.0	56.0	4.0	0.932857898453	50.0	9.0	0.798485743189	73.0	0.0	0.0	0.0	1.0	0.0	1.0	0.780821917808	0.123287671233	0.0	1.0	0.0	0.0	1.0	0.0	1.0	0.767123287671	0.0547945205479	1.0	0.684931506849	0.123287671233	0.0	1.0	0.0
BNR_2	278.0	251.0	4.0	0.803139292088	270.0	0.0	0.0	270.0	0.0	0.0	187.0	8.0	0.760344018886	264.0	0.0	0.541652460507	172.0	5.0	0.77032209066	270.0	0.0	0.0	1.0	0.902877697842	0.0143884892086	0.0	0.971223021583	0.0	0.0	0.971223021583	0.0	1.0	0.672661870504	0.0287769784173	0.0	0.94964028777	0.0	1.0	0.618705035971	0.0179856115108	0.0	0.971223021583	0.0
BRCT	79.0	79.0	0.0	0.0	40.0	0.0	0.335451349023	79.0	0.0	0.0	79.0	0.0	0.0	79.0	0.0	0.0	79.0	0.0	0.0	79.0	0.0	0.0	0.0	1.0	0.0	0.0	0.506329113924	0.0	0.0	1.0	0.0	0.0	1.0	0.0	0.0	1.0	0.0	0.0	1.0	0.0	0.0	1.0	0.0
BTB	111.0	111.0	0.0	0.0	100.0	5.0	1.0	111.0	0.0	0.0	111.0	0.0	0.0	111.0	0.0	0.0	98.0	0.0	0.311549707602	111.0	0.0	0.0	0.0	1.0	0.0	1.0	0.900900900901	0.045045045045	0.0	1.0	0.0	0.0	1.0	0.0	0.0	1.0	0.0	0.0	0.882882882883	0.0	0.0	1.0	0.0
Bcl-2	100.0	100.0	0.0	0.0	6.0	0.0	0.570039415456	100.0	0.0	0.0	100.0	0.0	0.0	77.0	1.0	0.398707370737	15.0	0.0	0.248089759026	100.0	0.0	0.0	0.0	1.0	0.0	0.0	0.06	0.0	0.0	1.0	0.0	0.0	1.0	0.0	1.0	0.77	0.01	0.0	0.15	0.0	0.0	1.0	0.0
Beta_helix	158.0	117.0	0.0	0.533448241407	158.0	0.0	0.0	158.0	0.0	0.0	117.0	0.0	0.533448241407	139.0	0.0	0.273144213855	114.0	0.0	0.533448241407	158.0	0.0	0.0	0.0	0.740506329114	0.0	0.0	1.0	0.0	0.0	1.0	0.0	0.0	0.740506329114	0.0	0.0	0.879746835443	0.0	0.0	0.721518987342	0.0	0.0	1.0	0.0
Biotin_lipoyl	73.0	73.0	0.0	0.0	73.0	0.0	0.0	73.0	0.0	0.0	63.0	2.0	0.447037037037	73.0	0.0	0.0	63.0	2.0	0.447037037037	73.0	0.0	0.0	0.0	1.0	0.0	0.0	1.0	0.0	0.0	1.0	0.0	1.0	0.86301369863	0.027397260274	0.0	1.0	0.0	1.0	0.86301369863	0.027397260274	0.0	1.0	0.0
Bromodomain	84.0	68.0	2.0	0.839943054996	44.0	4.0	0.846332845738	84.0	0.0	0.0	53.0	2.0	0.824059578757	78.0	0.0	0.345054945055	22.0	3.0	0.843832479724	84.0	0.0	0.0	1.0	0.809523809524	0.0238095238095	1.0	0.52380952381	0.047619047619	0.0	1.0	0.0	1.0	0.630952380952	0.0238095238095	0.0	0.928571428571	0.0	1.0	0.261904761905	0.0357142857143	0.0	1.0	0.0
C1_1	53.0	53.0	0.0	0.0	53.0	0.0	0.0	53.0	0.0	0.0	53.0	0.0	0.0	34.0	8.0	0.925763944611	53.0	0.0	0.0	53.0	0.0	0.0	0.0	1.0	0.0	0.0	1.0	0.0	0.0	1.0	0.0	0.0	1.0	0.0	1.0	0.641509433962	0.150943396226	0.0	1.0	0.0	0.0	1.0	0.0
C1q	127.0	127.0	0.0	0.0	127.0	0.0	0.0	127.0	0.0	0.0	127.0	0.0	0.0	108.0	1.0	0.577696046107	115.0	0.0	0.35368956743	127.0	0.0	0.0	0.0	1.0	0.0	0.0	1.0	0.0	0.0	1.0	0.0	0.0	1.0	0.0	1.0	0.850393700787	0.00787401574803	0.0	0.905511811024	0.0	0.0	1.0	0.0
C2	103.0	81.0	0.0	0.427690754665	103.0	0.0	0.0	103.0	0.0	0.0	78.0	5.0	0.407982688202	62.0	0.0	0.636411276015	78.0	5.0	0.50198987051	103.0	0.0	0.0	0.0	0.78640776699	0.0	0.0	1.0	0.0	0.0	1.0	0.0	1.0	0.757281553398	0.0485436893204	0.0	0.601941747573	0.0	1.0	0.757281553398	0.0485436893204	0.0	1.0	0.0
CAP	126.0	126.0	0.0	0.0	126.0	0.0	0.0	126.0	0.0	0.0	126.0	0.0	0.0	122.0	1.0	1.0	126.0	0.0	0.0	126.0	0.0	0.0	0.0	1.0	0.0	0.0	1.0	0.0	0.0	1.0	0.0	0.0	1.0	0.0	1.0	0.968253968254	0.00793650793651	0.0	1.0	0.0	0.0	1.0	0.0
CAP_GLY	65.0	65.0	0.0	0.0	44.0	16.0	0.899206349207	65.0	0.0	0.0	65.0	0.0	0.0	65.0	0.0	0.0	65.0	0.0	0.0	65.0	0.0	0.0	0.0	1.0	0.0	1.0	0.676923076923	0.246153846154	0.0	1.0	0.0	0.0	1.0	0.0	0.0	1.0	0.0	0.0	1.0	0.0	0.0	1.0	0.0
CBS	57.0	9.0	1.0	0.572781402269	57.0	0.0	0.0	57.0	0.0	0.0	5.0	1.0	0.563017788557	44.0	0.0	0.220374284281	5.0	2.0	0.557515158959	57.0	0.0	0.0	1.0	0.157894736842	0.0175438596491	0.0	1.0	0.0	0.0	1.0	0.0	1.0	0.0877192982456	0.0175438596491	0.0	0.771929824561	0.0	1.0	0.0877192982456	0.0350877192982	0.0	1.0	0.0
CH	109.0	109.0	0.0	0.0	109.0	0.0	0.0	109.0	0.0	0.0	109.0	0.0	0.0	94.0	0.0	0.224083850931	109.0	0.0	0.0	109.0	0.0	0.0	0.0	1.0	0.0	0.0	1.0	0.0	0.0	1.0	0.0	0.0	1.0	0.0	0.0	0.862385321101	0.0	0.0	1.0	0.0	0.0	1.0	0.0
CIMR	143.0	143.0	0.0	0.0	143.0	0.0	0.0	143.0	0.0	0.0	143.0	0.0	0.0	143.0	0.0	0.0	143.0	0.0	0.0	143.0	0.0	0.0	0.0	1.0	0.0	0.0	1.0	0.0	0.0	1.0	0.0	0.0	1.0	0.0	0.0	1.0	0.0	0.0	1.0	0.0	0.0	1.0	0.0
COesterase	514.0	447.0	0.0	0.227881480833	514.0	0.0	0.0	514.0	0.0	0.0	381.0	0.0	0.446278114365	449.0	0.0	0.258810499719	366.0	0.0	0.498850670452	514.0	0.0	0.0	0.0	0.869649805447	0.0	0.0	1.0	0.0	0.0	1.0	0.0	0.0	0.741245136187	0.0	0.0	0.873540856031	0.0	0.0	0.712062256809	0.0	0.0	1.0	0.0
CRAL_TRIO	159.0	138.0	0.0	0.629206807964	159.0	0.0	0.0	159.0	0.0	0.0	106.0	1.0	0.568218595382	159.0	0.0	0.0	99.0	0.0	0.41736037963	159.0	0.0	0.0	0.0	0.867924528302	0.0	0.0	1.0	0.0	0.0	1.0	0.0	1.0	0.666666666667	0.0062893081761	0.0	1.0	0.0	0.0	0.622641509434	0.0	0.0	1.0	0.0
CRAL_TRIO_2	139.0	132.0	6.0	1.0	139.0	0.0	0.0	139.0	0.0	0.0	128.0	6.0	0.803333333334	139.0	0.0	0.0	116.0	2.0	0.475732496196	139.0	0.0	0.0	1.0	0.94964028777	0.0431654676259	0.0	1.0	0.0	0.0	1.0	0.0	1.0	0.920863309353	0.0431654676259	0.0	1.0	0.0	1.0	0.834532374101	0.0143884892086	0.0	1.0	0.0
CSD	66.0	66.0	0.0	0.0	66.0	0.0	0.0	42.0	22.0	0.843529100528	66.0	0.0	0.0	66.0	0.0	0.0	66.0	0.0	0.0	51.0	15.0	1.0	0.0	1.0	0.0	0.0	1.0	0.0	1.0	0.636363636364	0.333333333333	0.0	1.0	0.0	0.0	1.0	0.0	0.0	1.0	0.0	1.0	0.772727272727	0.227272727273
CUB	110.0	110.0	0.0	0.0	110.0	0.0	0.0	110.0	0.0	0.0	110.0	0.0	0.0	90.0	3.0	0.861622901995	110.0	0.0	0.0	110.0	0.0	0.0	0.0	1.0	0.0	0.0	1.0	0.0	0.0	1.0	0.0	0.0	1.0	0.0	1.0	0.818181818182	0.0272727272727	0.0	1.0	0.0	0.0	1.0	0.0
Cadherin	93.0	76.0	3.0	0.673942023137	93.0	0.0	0.0	93.0	0.0	0.0	76.0	3.0	0.673942023137	25.0	0.0	0.572911921438	69.0	2.0	0.546816367875	93.0	0.0	0.0	1.0	0.817204301075	0.0322580645161	0.0	1.0	0.0	0.0	1.0	0.0	1.0	0.817204301075	0.0322580645161	0.0	0.268817204301	0.0	1.0	0.741935483871	0.0215053763441	0.0	1.0	0.0
Cadherin_2	83.0	83.0	0.0	0.0	83.0	0.0	0.0	83.0	0.0	0.0	83.0	0.0	0.0	73.0	7.0	1.0	83.0	0.0	0.0	83.0	0.0	0.0	0.0	1.0	0.0	0.0	1.0	0.0	0.0	1.0	0.0	0.0	1.0	0.0	1.0	0.879518072289	0.0843373493976	0.0	1.0	0.0	0.0	1.0	0.0
Calx-beta	100.0	100.0	0.0	0.0	100.0	0.0	0.0	100.0	0.0	0.0	100.0	0.0	0.0	85.0	0.0	0.44648811194	100.0	0.0	0.0	100.0	0.0	0.0	0.0	1.0	0.0	0.0	1.0	0.0	0.0	1.0	0.0	0.0	1.0	0.0	0.0	0.85	0.0	0.0	1.0	0.0	0.0	1.0	0.0
Carb_anhydrase	254.0	234.0	0.0	0.255705128205	254.0	0.0	0.0	254.0	0.0	0.0	143.0	7.0	0.660125251346	197.0	3.0	0.895199057628	116.0	10.0	0.72756746433	254.0	0.0	0.0	0.0	0.92125984252	0.0	0.0	1.0	0.0	0.0	1.0	0.0	1.0	0.562992125984	0.0275590551181	1.0	0.775590551181	0.011811023622	1.0	0.456692913386	0.0393700787402	0.0	1.0	0.0
Cation_ATPase	91.0	77.0	5.0	0.856080542265	91.0	0.0	0.0	91.0	0.0	0.0	77.0	8.0	0.938229835283	91.0	0.0	0.0	77.0	6.0	0.951829800746	91.0	0.0	0.0	1.0	0.846153846154	0.0549450549451	0.0	1.0	0.0	0.0	1.0	0.0	1.0	0.846153846154	0.0879120879121	0.0	1.0	0.0	1.0	0.846153846154	0.0659340659341	0.0	1.0	0.0
Cation_ATPase_C	182.0	166.0	0.0	0.423144712119	182.0	0.0	0.0	182.0	0.0	0.0	162.0	0.0	0.410382982616	171.0	1.0	0.944514171045	157.0	0.0	0.472407128473	182.0	0.0	0.0	0.0	0.912087912088	0.0	0.0	1.0	0.0	0.0	1.0	0.0	0.0	0.89010989011	0.0	1.0	0.93956043956	0.00549450549451	0.0	0.862637362637	0.0	0.0	1.0	0.0
Chromo	54.0	54.0	0.0	0.0	25.0	7.0	0.665672660225	54.0	0.0	0.0	40.0	5.0	0.451955782312	49.0	0.0	0.33950617284	37.0	7.0	0.532738095239	54.0	0.0	0.0	0.0	1.0	0.0	1.0	0.462962962963	0.12962962963	0.0	1.0	0.0	1.0	0.740740740741	0.0925925925926	0.0	0.907407407407	0.0	1.0	0.685185185185	0.12962962963	0.0	1.0	0.0
Clathrin_propel	37.0	37.0	0.0	0.0	22.0	2.0	0.285273693609	37.0	0.0	0.0	37.0	0.0	0.0	37.0	0.0	0.0	37.0	0.0	0.0	37.0	0.0	0.0	0.0	1.0	0.0	1.0	0.594594594595	0.0540540540541	0.0	1.0	0.0	0.0	1.0	0.0	0.0	1.0	0.0	0.0	1.0	0.0	0.0	1.0	0.0
Cpn60_TCP1	491.0	432.0	13.0	1.0	491.0	0.0	0.0	491.0	0.0	0.0	431.0	13.0	1.0	461.0	1.0	0.839210170089	431.0	13.0	1.0	491.0	0.0	0.0	1.0	0.87983706721	0.0264765784114	0.0	1.0	0.0	0.0	1.0	0.0	1.0	0.877800407332	0.0264765784114	1.0	0.938900203666	0.0020366598778	1.0	0.877800407332	0.0264765784114	0.0	1.0	0.0
Crystall	82.0	82.0	0.0	0.0	82.0	0.0	0.0	82.0	0.0	0.0	82.0	0.0	0.0	71.0	2.0	0.797357040489	82.0	0.0	0.0	82.0	0.0	0.0	0.0	1.0	0.0	0.0	1.0	0.0	0.0	1.0	0.0	0.0	1.0	0.0	1.0	0.865853658537	0.0243902439024	0.0	1.0	0.0	0.0	1.0	0.0
Cyclin_N	127.0	127.0	0.0	0.0	103.0	1.0	0.814236906411	127.0	0.0	0.0	127.0	0.0	0.0	127.0	0.0	0.0	127.0	0.0	0.0	127.0	0.0	0.0	0.0	1.0	0.0	1.0	0.811023622047	0.00787401574803	0.0	1.0	0.0	0.0	1.0	0.0	0.0	1.0	0.0	0.0	1.0	0.0	0.0	1.0	0.0
Cyt-b5	74.0	74.0	0.0	0.0	74.0	0.0	0.0	74.0	0.0	0.0	42.0	13.0	0.993235407067	74.0	0.0	0.0	42.0	13.0	0.993235407067	74.0	0.0	0.0	0.0	1.0	0.0	0.0	1.0	0.0	0.0	1.0	0.0	1.0	0.567567567568	0.175675675676	0.0	1.0	0.0	1.0	0.567567567568	0.175675675676	0.0	1.0	0.0
DAGK_cat	126.0	115.0	6.0	0.67240079365	126.0	0.0	0.0	126.0	0.0	0.0	115.0	6.0	0.67240079365	126.0	0.0	0.0	115.0	6.0	0.623554421769	126.0	0.0	0.0	1.0	0.912698412698	0.047619047619	0.0	1.0	0.0	0.0	1.0	0.0	1.0	0.912698412698	0.047619047619	0.0	1.0	0.0	1.0	0.912698412698	0.047619047619	0.0	1.0	0.0
DSPc	133.0	113.0	0.0	0.507383966244	133.0	0.0	0.0	133.0	0.0	0.0	107.0	3.0	0.519690957191	120.0	5.0	0.498611111112	103.0	6.0	0.673467698178	133.0	0.0	0.0	0.0	0.84962406015	0.0	0.0	1.0	0.0	0.0	1.0	0.0	1.0	0.804511278195	0.0225563909774	1.0	0.902255639098	0.0375939849624	1.0	0.774436090226	0.0451127819549	0.0	1.0	0.0
DUF1986	116.0	116.0	0.0	0.0	93.0	3.0	0.68983384995	116.0	0.0	0.0	103.0	1.0	0.611016751172	102.0	0.0	0.263666368364	84.0	0.0	0.461760538395	116.0	0.0	0.0	0.0	1.0	0.0	1.0	0.801724137931	0.0258620689655	0.0	1.0	0.0	1.0	0.887931034483	0.00862068965517	0.0	0.879310344828	0.0	0.0	0.724137931034	0.0	0.0	1.0	0.0
Disintegrin	76.0	76.0	0.0	0.0	76.0	0.0	0.0	76.0	0.0	0.0	76.0	0.0	0.0	64.0	7.0	0.929714982477	76.0	0.0	0.0	76.0	0.0	0.0	0.0	1.0	0.0	0.0	1.0	0.0	0.0	1.0	0.0	0.0	1.0	0.0	1.0	0.842105263158	0.0921052631579	0.0	1.0	0.0	0.0	1.0	0.0
E1-E2_ATPase	181.0	181.0	0.0	0.0	181.0	0.0	0.0	181.0	0.0	0.0	155.0	0.0	0.259503648475	177.0	2.0	0.926005409014	145.0	0.0	0.428469352977	181.0	0.0	0.0	0.0	1.0	0.0	0.0	1.0	0.0	0.0	1.0	0.0	0.0	0.85635359116	0.0	1.0	0.977900552486	0.0110497237569	0.0	0.801104972376	0.0	0.0	1.0	0.0
ECH_1	251.0	251.0	0.0	0.0	251.0	0.0	0.0	251.0	0.0	0.0	170.0	7.0	0.576342548838	187.0	0.0	0.21075563461	139.0	5.0	0.549271857249	251.0	0.0	0.0	0.0	1.0	0.0	0.0	1.0	0.0	0.0	1.0	0.0	1.0	0.677290836653	0.0278884462151	0.0	0.745019920319	0.0	1.0	0.553784860558	0.0199203187251	0.0	1.0	0.0
EF-hand_6	31.0	31.0	0.0	0.0	2.0	0.0	0.42850651601	31.0	0.0	0.0	6.0	0.0	0.40054652354	1.0	4.0	0.737433591267	5.0	0.0	0.391251357042	31.0	0.0	0.0	0.0	1.0	0.0	0.0	0.0645161290323	0.0	0.0	1.0	0.0	0.0	0.193548387097	0.0	1.0	0.0322580645161	0.129032258065	0.0	0.161290322581	0.0	0.0	1.0	0.0
Ephrin_lbd	178.0	178.0	0.0	0.0	178.0	0.0	0.0	178.0	0.0	0.0	178.0	0.0	0.0	178.0	0.0	0.0	178.0	0.0	0.0	178.0	0.0	0.0	0.0	1.0	0.0	0.0	1.0	0.0	0.0	1.0	0.0	0.0	1.0	0.0	0.0	1.0	0.0	0.0	1.0	0.0	0.0	1.0	0.0
Ets	81.0	81.0	0.0	0.0	81.0	0.0	0.0	81.0	0.0	0.0	81.0	0.0	0.0	81.0	0.0	0.0	81.0	0.0	0.0	56.0	25.0	1.0	0.0	1.0	0.0	0.0	1.0	0.0	0.0	1.0	0.0	0.0	1.0	0.0	0.0	1.0	0.0	0.0	1.0	0.0	1.0	0.691358024691	0.308641975309
Exo_endo_phos	212.0	198.0	2.0	0.565040962621	212.0	0.0	0.0	212.0	0.0	0.0	197.0	2.0	0.60075906906	187.0	1.0	0.758871186453	180.0	1.0	0.450493343916	141.0	8.0	0.602641359683	1.0	0.933962264151	0.00943396226415	0.0	1.0	0.0	0.0	1.0	0.0	1.0	0.929245283019	0.00943396226415	1.0	0.882075471698	0.00471698113208	1.0	0.849056603774	0.00471698113208	1.0	0.665094339623	0.0377358490566
F420_oxidored	97.0	33.0	10.0	0.857283246625	97.0	0.0	0.0	97.0	0.0	0.0	29.0	11.0	0.831418556098	94.0	0.0	0.375350140056	29.0	11.0	0.831418556098	97.0	0.0	0.0	1.0	0.340206185567	0.103092783505	0.0	1.0	0.0	0.0	1.0	0.0	1.0	0.298969072165	0.113402061856	0.0	0.969072164948	0.0	1.0	0.298969072165	0.113402061856	0.0	1.0	0.0
F5_F8_type_C	127.0	105.0	2.0	0.786826547177	118.0	0.0	1.0	127.0	0.0	0.0	102.0	1.0	0.771116975305	102.0	1.0	0.859660287991	99.0	2.0	0.756111937618	127.0	0.0	0.0	1.0	0.826771653543	0.0157480314961	0.0	0.929133858268	0.0	0.0	1.0	0.0	1.0	0.803149606299	0.00787401574803	1.0	0.803149606299	0.00787401574803	1.0	0.779527559055	0.0157480314961	0.0	1.0	0.0
FCH	78.0	78.0	0.0	0.0	78.0	0.0	0.0	78.0	0.0	0.0	78.0	0.0	0.0	76.0	2.0	0.919437885347	78.0	0.0	0.0	78.0	0.0	0.0	0.0	1.0	0.0	0.0	1.0	0.0	0.0	1.0	0.0	0.0	1.0	0.0	1.0	0.974358974359	0.025641025641	0.0	1.0	0.0	0.0	1.0	0.0
FERM_M	118.0	118.0	0.0	0.0	106.0	9.0	0.57450980392	118.0	0.0	0.0	118.0	0.0	0.0	118.0	0.0	0.0	118.0	0.0	0.0	118.0	0.0	0.0	0.0	1.0	0.0	1.0	0.898305084746	0.0762711864407	0.0	1.0	0.0	0.0	1.0	0.0	0.0	1.0	0.0	0.0	1.0	0.0	0.0	1.0	0.0
FG-GAP	37.0	37.0	0.0	0.0	37.0	0.0	0.0	37.0	0.0	0.0	37.0	0.0	0.0	12.0	4.0	0.828491599094	37.0	0.0	0.0	37.0	0.0	0.0	0.0	1.0	0.0	0.0	1.0	0.0	0.0	1.0	0.0	0.0	1.0	0.0	1.0	0.324324324324	0.108108108108	0.0	1.0	0.0	0.0	1.0	0.0
FGF	125.0	109.0	0.0	0.460807291668	125.0	0.0	0.0	125.0	0.0	0.0	94.0	5.0	0.574781214233	105.0	1.0	0.791807725694	94.0	2.0	0.581693767327	125.0	0.0	0.0	0.0	0.872	0.0	0.0	1.0	0.0	0.0	1.0	0.0	1.0	0.752	0.04	1.0	0.84	0.008	1.0	0.752	0.016	0.0	1.0	0.0
FHA	69.0	69.0	0.0	0.0	47.0	8.0	0.903535251898	69.0	0.0	0.0	69.0	0.0	0.0	69.0	0.0	0.0	69.0	0.0	0.0	69.0	0.0	0.0	0.0	1.0	0.0	1.0	0.68115942029	0.115942028986	0.0	1.0	0.0	0.0	1.0	0.0	0.0	1.0	0.0	0.0	1.0	0.0	0.0	1.0	0.0
FKBP_C	94.0	94.0	0.0	0.0	79.0	5.0	0.784547563156	94.0	0.0	0.0	60.0	13.0	0.90258581392	85.0	1.0	0.436197236919	42.0	13.0	0.881336147005	94.0	0.0	0.0	0.0	1.0	0.0	1.0	0.840425531915	0.0531914893617	0.0	1.0	0.0	1.0	0.63829787234	0.13829787234	1.0	0.904255319149	0.0106382978723	1.0	0.446808510638	0.13829787234	0.0	1.0	0.0
FYVE	68.0	57.0	0.0	1.0	68.0	0.0	0.0	68.0	0.0	0.0	57.0	0.0	1.0	56.0	8.0	1.0	57.0	0.0	1.0	68.0	0.0	0.0	0.0	0.838235294118	0.0	0.0	1.0	0.0	0.0	1.0	0.0	0.0	0.838235294118	0.0	1.0	0.823529411765	0.117647058824	0.0	0.838235294118	0.0	0.0	1.0	0.0
Fibrinogen_C	221.0	186.0	0.0	0.418095062751	207.0	12.0	0.934698066729	221.0	0.0	0.0	187.0	2.0	0.445580730761	208.0	2.0	0.995550963269	184.0	4.0	0.467768446428	221.0	0.0	0.0	0.0	0.841628959276	0.0	1.0	0.93665158371	0.0542986425339	0.0	1.0	0.0	1.0	0.846153846154	0.00904977375566	1.0	0.941176470588	0.00904977375566	1.0	0.83257918552	0.0180995475113	0.0	1.0	0.0
Filamin	103.0	103.0	0.0	0.0	79.0	2.0	0.652552700923	103.0	0.0	0.0	103.0	0.0	0.0	103.0	0.0	0.0	103.0	0.0	0.0	103.0	0.0	0.0	0.0	1.0	0.0	1.0	0.766990291262	0.0194174757282	0.0	1.0	0.0	0.0	1.0	0.0	0.0	1.0	0.0	0.0	1.0	0.0	0.0	1.0	0.0
Forkhead	86.0	86.0	0.0	0.0	86.0	0.0	0.0	86.0	0.0	0.0	86.0	0.0	0.0	86.0	0.0	0.0	86.0	0.0	0.0	56.0	16.0	1.0	0.0	1.0	0.0	0.0	1.0	0.0	0.0	1.0	0.0	0.0	1.0	0.0	0.0	1.0	0.0	0.0	1.0	0.0	1.0	0.651162790698	0.186046511628
Frizzled	324.0	324.0	0.0	0.0	324.0	0.0	0.0	324.0	0.0	0.0	324.0	0.0	0.0	324.0	0.0	0.0	292.0	6.0	0.611994872576	324.0	0.0	0.0	0.0	1.0	0.0	0.0	1.0	0.0	0.0	1.0	0.0	0.0	1.0	0.0	0.0	1.0	0.0	1.0	0.901234567901	0.0185185185185	0.0	1.0	0.0
Fz	111.0	105.0	0.0	0.576149425287	111.0	0.0	0.0	111.0	0.0	0.0	105.0	0.0	0.576149425287	111.0	0.0	0.0	104.0	1.0	0.594827586206	111.0	0.0	0.0	0.0	0.945945945946	0.0	0.0	1.0	0.0	0.0	1.0	0.0	0.0	0.945945945946	0.0	0.0	1.0	0.0	1.0	0.936936936937	0.00900900900901	0.0	1.0	0.0
GAF	133.0	106.0	18.0	0.690421022786	133.0	0.0	0.0	133.0	0.0	0.0	37.0	0.0	0.470308811441	122.0	1.0	0.402255985266	34.0	0.0	0.451093952918	133.0	0.0	0.0	1.0	0.796992481203	0.135338345865	0.0	1.0	0.0	0.0	1.0	0.0	0.0	0.278195488722	0.0	1.0	0.917293233083	0.00751879699248	0.0	0.255639097744	0.0	0.0	1.0	0.0
GATA	36.0	36.0	0.0	0.0	36.0	0.0	0.0	36.0	0.0	0.0	36.0	0.0	0.0	26.0	9.0	0.895460806702	36.0	0.0	0.0	17.0	16.0	0.82604510965	0.0	1.0	0.0	0.0	1.0	0.0	0.0	1.0	0.0	0.0	1.0	0.0	1.0	0.722222222222	0.25	0.0	1.0	0.0	1.0	0.472222222222	0.444444444444
GST_C	93.0	55.0	0.0	0.163414134651	93.0	0.0	0.0	93.0	0.0	0.0	41.0	0.0	0.158785062828	82.0	0.0	0.365979813665	33.0	0.0	0.163533130397	93.0	0.0	0.0	0.0	0.591397849462	0.0	0.0	1.0	0.0	0.0	1.0	0.0	0.0	0.440860215054	0.0	0.0	0.881720430108	0.0	0.0	0.354838709677	0.0	0.0	1.0	0.0
GST_C_2	69.0	57.0	0.0	0.256225866954	69.0	0.0	0.0	69.0	0.0	0.0	49.0	0.0	0.192498567483	62.0	0.0	0.334444444444	41.0	0.0	0.232176810271	69.0	0.0	0.0	0.0	0.826086956522	0.0	0.0	1.0	0.0	0.0	1.0	0.0	0.0	0.710144927536	0.0	0.0	0.898550724638	0.0	0.0	0.594202898551	0.0	0.0	1.0	0.0
GST_N	76.0	24.0	9.0	0.880911956506	76.0	0.0	0.0	76.0	0.0	0.0	13.0	11.0	0.88013890836	61.0	0.0	0.380231214964	13.0	9.0	0.870073815318	76.0	0.0	0.0	1.0	0.315789473684	0.118421052632	0.0	1.0	0.0	0.0	1.0	0.0	1.0	0.171052631579	0.144736842105	0.0	0.802631578947	0.0	1.0	0.171052631579	0.118421052632	0.0	1.0	0.0
GTP_EFTU_D2	74.0	57.0	0.0	0.378958691911	74.0	0.0	0.0	11.0	0.0	0.260444554977	51.0	0.0	0.336052610676	74.0	0.0	0.0	49.0	0.0	0.293438869463	66.0	1.0	0.358274647887	0.0	0.77027027027	0.0	0.0	1.0	0.0	0.0	0.148648648649	0.0	0.0	0.689189189189	0.0	0.0	1.0	0.0	0.0	0.662162162162	0.0	1.0	0.891891891892	0.0135135135135
Gal-bind_lectin	134.0	77.0	9.0	0.868249755806	134.0	0.0	0.0	134.0	0.0	0.0	73.0	9.0	0.851343504577	117.0	0.0	0.337209841798	73.0	10.0	0.855538124158	134.0	0.0	0.0	1.0	0.574626865672	0.0671641791045	0.0	1.0	0.0	0.0	1.0	0.0	1.0	0.544776119403	0.0671641791045	0.0	0.873134328358	0.0	1.0	0.544776119403	0.0746268656716	0.0	1.0	0.0
Gelsolin	76.0	76.0	0.0	0.0	70.0	0.0	0.465201465201	76.0	0.0	0.0	76.0	0.0	0.0	47.0	0.0	0.617495967827	76.0	0.0	0.0	76.0	0.0	0.0	0.0	1.0	0.0	0.0	0.921052631579	0.0	0.0	1.0	0.0	0.0	1.0	0.0	0.0	0.618421052632	0.0	0.0	1.0	0.0	0.0	1.0	0.0
Gla	41.0	41.0	0.0	0.0	41.0	0.0	0.0	41.0	0.0	0.0	41.0	0.0	0.0	27.0	12.0	0.976943957744	41.0	0.0	0.0	41.0	0.0	0.0	0.0	1.0	0.0	0.0	1.0	0.0	0.0	1.0	0.0	0.0	1.0	0.0	1.0	0.658536585366	0.292682926829	0.0	1.0	0.0	0.0	1.0	0.0
Globin	110.0	95.0	0.0	0.249498978667	110.0	0.0	0.0	110.0	0.0	0.0	26.0	14.0	0.917194104005	67.0	0.0	0.563197792814	23.0	14.0	0.917485571745	110.0	0.0	0.0	0.0	0.863636363636	0.0	0.0	1.0	0.0	0.0	1.0	0.0	1.0	0.236363636364	0.127272727273	0.0	0.609090909091	0.0	1.0	0.209090909091	0.127272727273	0.0	1.0	0.0
Glyco_hydro_31	435.0	390.0	3.0	0.51746311896	435.0	0.0	0.0	435.0	0.0	0.0	326.0	0.0	0.616977328388	429.0	3.0	0.500071740128	314.0	0.0	0.6351008403	435.0	0.0	0.0	1.0	0.896551724138	0.00689655172414	0.0	1.0	0.0	0.0	1.0	0.0	0.0	0.749425287356	0.0	1.0	0.986206896552	0.00689655172414	0.0	0.72183908046	0.0	0.0	1.0	0.0
Glyco_transf_29	271.0	243.0	9.0	0.646717488165	271.0	0.0	0.0	271.0	0.0	0.0	239.0	11.0	0.750690615428	271.0	0.0	0.0	237.0	11.0	0.804862155389	271.0	0.0	0.0	1.0	0.89667896679	0.0332103321033	0.0	1.0	0.0	0.0	1.0	0.0	1.0	0.881918819188	0.0405904059041	0.0	1.0	0.0	1.0	0.874538745387	0.0405904059041	0.0	1.0	0.0
Glyco_transf_7C	78.0	55.0	3.0	0.608538993932	78.0	0.0	0.0	78.0	0.0	0.0	54.0	3.0	0.608538993932	75.0	1.0	0.720483769938	54.0	7.0	0.608538993932	78.0	0.0	0.0	1.0	0.705128205128	0.0384615384615	0.0	1.0	0.0	0.0	1.0	0.0	1.0	0.692307692308	0.0384615384615	1.0	0.961538461538	0.0128205128205	1.0	0.692307692308	0.0897435897436	0.0	1.0	0.0
Glycos_transf_2	170.0	79.0	8.0	0.693529022778	170.0	0.0	0.0	170.0	0.0	0.0	72.0	8.0	0.674864503201	147.0	0.0	0.665638668027	68.0	8.0	0.689872803098	170.0	0.0	0.0	1.0	0.464705882353	0.0470588235294	0.0	1.0	0.0	0.0	1.0	0.0	1.0	0.423529411765	0.0470588235294	0.0	0.864705882353	0.0	1.0	0.4	0.0470588235294	0.0	1.0	0.0
Guanylate_cyc	183.0	146.0	3.0	0.492663566488	183.0	0.0	0.0	183.0	0.0	0.0	126.0	2.0	0.452820319286	159.0	0.0	0.701523336706	112.0	0.0	0.411364872803	183.0	0.0	0.0	1.0	0.79781420765	0.016393442623	0.0	1.0	0.0	0.0	1.0	0.0	1.0	0.688524590164	0.0109289617486	0.0	0.868852459016	0.0	0.0	0.612021857923	0.0	0.0	1.0	0.0
HA2	102.0	102.0	0.0	0.0	102.0	0.0	0.0	95.0	0.0	0.45751633987	102.0	0.0	0.0	102.0	0.0	0.0	102.0	0.0	0.0	102.0	0.0	0.0	0.0	1.0	0.0	0.0	1.0	0.0	0.0	0.93137254902	0.0	0.0	1.0	0.0	0.0	1.0	0.0	0.0	1.0	0.0	0.0	1.0	0.0
HATPase_c	111.0	30.0	8.0	0.845573544033	111.0	0.0	0.0	111.0	0.0	0.0	21.0	9.0	0.843225034655	88.0	0.0	0.488761180807	20.0	8.0	0.844034600436	111.0	0.0	0.0	1.0	0.27027027027	0.0720720720721	0.0	1.0	0.0	0.0	1.0	0.0	1.0	0.189189189189	0.0810810810811	0.0	0.792792792793	0.0	1.0	0.18018018018	0.0720720720721	0.0	1.0	0.0
HEAT	31.0	31.0	0.0	0.0	4.0	4.0	0.494222507981	31.0	0.0	0.0	31.0	0.0	0.0	20.0	0.0	0.39748521922	24.0	6.0	0.721100629694	31.0	0.0	0.0	0.0	1.0	0.0	1.0	0.129032258065	0.129032258065	0.0	1.0	0.0	0.0	1.0	0.0	0.0	0.645161290323	0.0	1.0	0.774193548387	0.193548387097	0.0	1.0	0.0
HEAT_EZ	55.0	55.0	0.0	0.0	12.0	8.0	0.53551169596	55.0	0.0	0.0	55.0	0.0	0.0	46.0	0.0	0.496636605196	45.0	10.0	1.0	55.0	0.0	0.0	0.0	1.0	0.0	1.0	0.218181818182	0.145454545455	0.0	1.0	0.0	0.0	1.0	0.0	0.0	0.836363636364	0.0	1.0	0.818181818182	0.181818181818	0.0	1.0	0.0
HLH	55.0	55.0	0.0	0.0	55.0	0.0	0.0	55.0	0.0	0.0	55.0	0.0	0.0	55.0	0.0	0.0	55.0	0.0	0.0	30.0	19.0	0.928497381549	0.0	1.0	0.0	0.0	1.0	0.0	0.0	1.0	0.0	0.0	1.0	0.0	0.0	1.0	0.0	0.0	1.0	0.0	1.0	0.545454545455	0.345454545455
HMA	62.0	62.0	0.0	0.0	62.0	0.0	0.0	62.0	0.0	0.0	62.0	0.0	0.0	52.0	2.0	1.0	62.0	0.0	0.0	62.0	0.0	0.0	0.0	1.0	0.0	0.0	1.0	0.0	0.0	1.0	0.0	0.0	1.0	0.0	1.0	0.838709677419	0.0322580645161	0.0	1.0	0.0	0.0	1.0	0.0
HMG_box	69.0	69.0	0.0	0.0	69.0	0.0	0.0	69.0	0.0	0.0	69.0	0.0	0.0	69.0	0.0	0.0	69.0	0.0	0.0	26.0	25.0	0.913506281037	0.0	1.0	0.0	0.0	1.0	0.0	0.0	1.0	0.0	0.0	1.0	0.0	0.0	1.0	0.0	0.0	1.0	0.0	1.0	0.376811594203	0.36231884058
HRM	65.0	65.0	0.0	0.0	33.0	2.0	0.616020223082	65.0	0.0	0.0	54.0	0.0	0.453051643192	65.0	0.0	0.0	46.0	3.0	0.373435054773	65.0	0.0	0.0	0.0	1.0	0.0	1.0	0.507692307692	0.0307692307692	0.0	1.0	0.0	0.0	0.830769230769	0.0	0.0	1.0	0.0	1.0	0.707692307692	0.0461538461538	0.0	1.0	0.0
HSP20	101.0	100.0	0.0	0.0	100.0	0.0	0.0	100.0	0.0	0.0	100.0	0.0	0.0	100.0	0.0	0.0	100.0	0.0	0.0	100.0	0.0	0.0	0.0	0.990099009901	0.0	0.0	0.990099009901	0.0	0.0	0.990099009901	0.0	0.0	0.990099009901	0.0	0.0	0.990099009901	0.0	0.0	0.990099009901	0.0	0.0	0.990099009901	0.0
HSP70	599.0	572.0	20.0	0.964673171405	599.0	0.0	0.0	599.0	0.0	0.0	572.0	17.0	0.966582926865	584.0	0.0	0.50188172043	568.0	15.0	0.95338825672	599.0	0.0	0.0	1.0	0.954924874791	0.0333889816361	0.0	1.0	0.0	0.0	1.0	0.0	1.0	0.954924874791	0.0283806343907	0.0	0.974958263773	0.0	1.0	0.948247078464	0.025041736227	0.0	1.0	0.0
Helicase_C	111.0	96.0	2.0	0.425553320552	92.0	5.0	0.804873294346	26.0	1.0	0.38941055032	74.0	2.0	0.431166023442	97.0	0.0	0.470398195798	74.0	2.0	0.420269029732	43.0	12.0	0.313934887392	1.0	0.864864864865	0.018018018018	1.0	0.828828828829	0.045045045045	1.0	0.234234234234	0.00900900900901	1.0	0.666666666667	0.018018018018	0.0	0.873873873874	0.0	1.0	0.666666666667	0.018018018018	1.0	0.387387387387	0.108108108108
Hemopexin	45.0	45.0	0.0	0.0	45.0	0.0	0.0	45.0	0.0	0.0	45.0	0.0	0.0	44.0	1.0	1.0	45.0	0.0	0.0	45.0	0.0	0.0	0.0	1.0	0.0	0.0	1.0	0.0	0.0	1.0	0.0	0.0	1.0	0.0	1.0	0.977777777778	0.0222222222222	0.0	1.0	0.0	0.0	1.0	0.0
His_Phos_1	194.0	114.0	0.0	0.679830519909	194.0	0.0	0.0	194.0	0.0	0.0	102.0	1.0	0.746233336767	152.0	1.0	0.702241868271	100.0	0.0	0.772917098993	194.0	0.0	0.0	0.0	0.587628865979	0.0	0.0	1.0	0.0	0.0	1.0	0.0	1.0	0.525773195876	0.00515463917526	1.0	0.783505154639	0.00515463917526	0.0	0.515463917526	0.0	0.0	1.0	0.0
Hist_deacetyl	307.0	307.0	0.0	0.0	264.0	14.0	0.898111523472	307.0	0.0	0.0	185.0	0.0	0.537967009652	205.0	0.0	0.609101070979	131.0	0.0	0.55612527437	307.0	0.0	0.0	0.0	1.0	0.0	1.0	0.85993485342	0.0456026058632	0.0	1.0	0.0	0.0	0.602605863192	0.0	0.0	0.667752442997	0.0	0.0	0.42671009772	0.0	0.0	1.0	0.0
Histone	131.0	131.0	0.0	0.0	131.0	0.0	0.0	131.0	0.0	0.0	131.0	0.0	0.0	131.0	0.0	0.0	131.0	0.0	0.0	78.0	15.0	0.719989086657	0.0	1.0	0.0	0.0	1.0	0.0	0.0	1.0	0.0	0.0	1.0	0.0	0.0	1.0	0.0	0.0	1.0	0.0	1.0	0.595419847328	0.114503816794
HlyIII	224.0	224.0	0.0	0.0	224.0	0.0	0.0	224.0	0.0	0.0	224.0	0.0	0.0	219.0	1.0	0.457403273811	224.0	0.0	0.0	224.0	0.0	0.0	0.0	1.0	0.0	0.0	1.0	0.0	0.0	1.0	0.0	0.0	1.0	0.0	1.0	0.977678571429	0.00446428571429	0.0	1.0	0.0	0.0	1.0	0.0
Homeobox	57.0	57.0	0.0	0.0	57.0	0.0	0.0	57.0	0.0	0.0	57.0	0.0	0.0	57.0	0.0	0.0	57.0	0.0	0.0	1.0	8.0	0.646321590515	0.0	1.0	0.0	0.0	1.0	0.0	0.0	1.0	0.0	0.0	1.0	0.0	0.0	1.0	0.0	0.0	1.0	0.0	1.0	0.0175438596491	0.140350877193
Hormone_recep	210.0	68.0	0.0	0.403033129542	108.0	1.0	0.567028621668	210.0	0.0	0.0	28.0	0.0	0.335250837816	195.0	0.0	0.320638754696	17.0	0.0	0.352902721028	210.0	0.0	0.0	0.0	0.32380952381	0.0	1.0	0.514285714286	0.0047619047619	0.0	1.0	0.0	0.0	0.133333333333	0.0	0.0	0.928571428571	0.0	0.0	0.0809523809524	0.0	0.0	1.0	0.0
Hydrolase	210.0	172.0	3.0	0.600085366898	210.0	0.0	0.0	210.0	0.0	0.0	138.0	2.0	0.72640500113	151.0	2.0	0.935670086936	121.0	4.0	0.780037920972	210.0	0.0	0.0	1.0	0.819047619048	0.0142857142857	0.0	1.0	0.0	0.0	1.0	0.0	1.0	0.657142857143	0.00952380952381	1.0	0.719047619048	0.00952380952381	1.0	0.57619047619	0.0190476190476	0.0	1.0	0.0
I-set	90.0	65.0	0.0	0.216430925722	44.0	0.0	0.283195748658	79.0	0.0	0.333333333333	38.0	0.0	0.109323875213	50.0	0.0	0.171728706746	37.0	0.0	0.22507786714	90.0	0.0	0.0	0.0	0.722222222222	0.0	0.0	0.488888888889	0.0	0.0	0.877777777778	0.0	0.0	0.422222222222	0.0	0.0	0.555555555556	0.0	0.0	0.411111111111	0.0	0.0	1.0	0.0
IBN_N	74.0	74.0	0.0	0.0	70.0	0.0	0.261775362319	74.0	0.0	0.0	74.0	0.0	0.0	74.0	0.0	0.0	74.0	0.0	0.0	74.0	0.0	0.0	0.0	1.0	0.0	0.0	0.945945945946	0.0	0.0	1.0	0.0	0.0	1.0	0.0	0.0	1.0	0.0	0.0	1.0	0.0	0.0	1.0	0.0
IBR	62.0	62.0	0.0	0.0	62.0	0.0	0.0	62.0	0.0	0.0	62.0	0.0	0.0	10.0	0.0	0.334942193641	62.0	0.0	0.0	62.0	0.0	0.0	0.0	1.0	0.0	0.0	1.0	0.0	0.0	1.0	0.0	0.0	1.0	0.0	0.0	0.161290322581	0.0	0.0	1.0	0.0	0.0	1.0	0.0
IL6Ra-bind	96.0	96.0	0.0	0.0	96.0	0.0	0.0	96.0	0.0	0.0	96.0	0.0	0.0	96.0	0.0	0.0	96.0	0.0	0.0	96.0	0.0	0.0	0.0	1.0	0.0	0.0	1.0	0.0	0.0	1.0	0.0	0.0	1.0	0.0	0.0	1.0	0.0	0.0	1.0	0.0	0.0	1.0	0.0
IL8	60.0	60.0	0.0	0.0	60.0	0.0	0.0	60.0	0.0	0.0	43.0	6.0	0.42495446266	60.0	0.0	0.0	39.0	6.0	0.347410876919	60.0	0.0	0.0	0.0	1.0	0.0	0.0	1.0	0.0	0.0	1.0	0.0	1.0	0.716666666667	0.1	0.0	1.0	0.0	1.0	0.65	0.1	0.0	1.0	0.0
IRK	330.0	330.0	0.0	0.0	330.0	0.0	0.0	330.0	0.0	0.0	307.0	7.0	0.25748917749	327.0	0.0	0.386923076923	307.0	7.0	0.25748917749	330.0	0.0	0.0	0.0	1.0	0.0	0.0	1.0	0.0	0.0	1.0	0.0	1.0	0.930303030303	0.0212121212121	0.0	0.990909090909	0.0	1.0	0.930303030303	0.0212121212121	0.0	1.0	0.0
IRS	100.0	100.0	0.0	0.0	58.0	3.0	0.819591812653	100.0	0.0	0.0	100.0	0.0	0.0	100.0	0.0	0.0	100.0	0.0	0.0	100.0	0.0	0.0	0.0	1.0	0.0	1.0	0.58	0.03	0.0	1.0	0.0	0.0	1.0	0.0	0.0	1.0	0.0	0.0	1.0	0.0	0.0	1.0	0.0
Integrin_alpha2	467.0	467.0	0.0	0.0	467.0	0.0	0.0	467.0	0.0	0.0	467.0	0.0	0.0	428.0	1.0	0.640495627206	467.0	0.0	0.0	467.0	0.0	0.0	0.0	1.0	0.0	0.0	1.0	0.0	0.0	1.0	0.0	0.0	1.0	0.0	1.0	0.916488222698	0.00214132762313	0.0	1.0	0.0	0.0	1.0	0.0
Ion_trans	245.0	245.0	0.0	0.0	245.0	0.0	0.0	245.0	0.0	0.0	194.0	1.0	0.307707469088	227.0	0.0	0.198685532574	172.0	3.0	0.252483798401	245.0	0.0	0.0	0.0	1.0	0.0	0.0	1.0	0.0	0.0	1.0	0.0	1.0	0.791836734694	0.00408163265306	0.0	0.926530612245	0.0	1.0	0.702040816327	0.0122448979592	0.0	1.0	0.0
Ion_trans_2	79.0	79.0	0.0	0.0	79.0	0.0	0.0	79.0	0.0	0.0	32.0	0.0	0.136956963348	58.0	0.0	0.254271582482	30.0	0.0	0.123264710408	79.0	0.0	0.0	0.0	1.0	0.0	0.0	1.0	0.0	0.0	1.0	0.0	0.0	0.405063291139	0.0	0.0	0.73417721519	0.0	0.0	0.379746835443	0.0	0.0	1.0	0.0
JAB	118.0	118.0	0.0	0.0	118.0	0.0	0.0	118.0	0.0	0.0	118.0	0.0	0.0	103.0	3.0	0.770090668202	118.0	0.0	0.0	118.0	0.0	0.0	0.0	1.0	0.0	0.0	1.0	0.0	0.0	1.0	0.0	0.0	1.0	0.0	1.0	0.872881355932	0.0254237288136	0.0	1.0	0.0	0.0	1.0	0.0
JmjC	114.0	52.0	0.0	0.416932509002	69.0	5.0	0.471055064378	114.0	0.0	0.0	74.0	0.0	0.403070480466	48.0	0.0	0.291321926931	16.0	5.0	0.465492815839	114.0	0.0	0.0	0.0	0.456140350877	0.0	1.0	0.605263157895	0.0438596491228	0.0	1.0	0.0	0.0	0.649122807018	0.0	0.0	0.421052631579	0.0	1.0	0.140350877193	0.0438596491228	0.0	1.0	0.0
JmjN	34.0	34.0	0.0	0.0	34.0	0.0	0.0	34.0	0.0	0.0	34.0	0.0	0.0	34.0	0.0	0.0	24.0	4.0	0.375	34.0	0.0	0.0	0.0	1.0	0.0	0.0	1.0	0.0	0.0	1.0	0.0	0.0	1.0	0.0	0.0	1.0	0.0	1.0	0.705882352941	0.117647058824	0.0	1.0	0.0
KH_1	66.0	66.0	0.0	0.0	66.0	0.0	0.0	31.0	7.0	0.834283372225	66.0	0.0	0.0	66.0	0.0	0.0	66.0	0.0	0.0	41.0	7.0	0.581146924321	0.0	1.0	0.0	0.0	1.0	0.0	1.0	0.469696969697	0.106060606061	0.0	1.0	0.0	0.0	1.0	0.0	0.0	1.0	0.0	1.0	0.621212121212	0.106060606061
KOW	32.0	32.0	0.0	0.0	32.0	0.0	0.0	9.0	7.0	0.702432874951	32.0	0.0	0.0	32.0	0.0	0.0	32.0	0.0	0.0	32.0	0.0	0.0	0.0	1.0	0.0	0.0	1.0	0.0	1.0	0.28125	0.21875	0.0	1.0	0.0	0.0	1.0	0.0	0.0	1.0	0.0	0.0	1.0	0.0
Kelch_1	46.0	46.0	0.0	0.0	39.0	3.0	0.578533428986	46.0	0.0	0.0	46.0	0.0	0.0	42.0	1.0	0.847526138578	39.0	0.0	0.451982986383	46.0	0.0	0.0	0.0	1.0	0.0	1.0	0.847826086957	0.0652173913043	0.0	1.0	0.0	0.0	1.0	0.0	1.0	0.913043478261	0.0217391304348	0.0	0.847826086957	0.0	0.0	1.0	0.0
Kringle	79.0	79.0	0.0	0.0	79.0	0.0	0.0	79.0	0.0	0.0	55.0	10.0	0.76739334712	68.0	0.0	0.356150793651	53.0	9.0	0.800654068189	79.0	0.0	0.0	0.0	1.0	0.0	0.0	1.0	0.0	0.0	1.0	0.0	1.0	0.696202531646	0.126582278481	0.0	0.860759493671	0.0	1.0	0.670886075949	0.113924050633	0.0	1.0	0.0
Kunitz_BPTI	53.0	53.0	0.0	0.0	53.0	0.0	0.0	53.0	0.0	0.0	53.0	0.0	0.0	36.0	2.0	0.354111834667	53.0	0.0	0.0	53.0	0.0	0.0	0.0	1.0	0.0	0.0	1.0	0.0	0.0	1.0	0.0	0.0	1.0	0.0	1.0	0.679245283019	0.0377358490566	0.0	1.0	0.0	0.0	1.0	0.0
LIM	58.0	58.0	0.0	0.0	58.0	0.0	0.0	58.0	0.0	0.0	58.0	0.0	0.0	25.0	10.0	0.98966188165	58.0	0.0	0.0	58.0	0.0	0.0	0.0	1.0	0.0	0.0	1.0	0.0	0.0	1.0	0.0	0.0	1.0	0.0	1.0	0.431034482759	0.172413793103	0.0	1.0	0.0	0.0	1.0	0.0
LRR_4	43.0	18.0	0.0	0.198725192857	18.0	0.0	0.351543619887	25.0	6.0	0.331765424869	13.0	0.0	0.206709754637	26.0	0.0	0.273538874402	3.0	0.0	0.146433112478	15.0	0.0	0.312750761644	0.0	0.418604651163	0.0	0.0	0.418604651163	0.0	1.0	0.581395348837	0.139534883721	0.0	0.302325581395	0.0	0.0	0.604651162791	0.0	0.0	0.0697674418605	0.0	0.0	0.348837209302	0.0
LRR_5	128.0	111.0	1.0	0.256110154905	128.0	0.0	0.0	108.0	0.0	0.402923021061	96.0	0.0	0.244159736404	128.0	0.0	0.0	73.0	0.0	0.240155643997	128.0	0.0	0.0	1.0	0.8671875	0.0078125	0.0	1.0	0.0	0.0	0.84375	0.0	0.0	0.75	0.0	0.0	1.0	0.0	0.0	0.5703125	0.0	0.0	1.0	0.0
LRR_6	24.0	21.0	2.0	0.705324074073	12.0	0.0	0.483373694934	24.0	0.0	0.0	19.0	5.0	0.568118686869	24.0	0.0	0.0	17.0	5.0	0.547305039218	24.0	0.0	0.0	1.0	0.875	0.0833333333333	0.0	0.5	0.0	0.0	1.0	0.0	1.0	0.791666666667	0.208333333333	0.0	1.0	0.0	1.0	0.708333333333	0.208333333333	0.0	1.0	0.0
LRR_8	61.0	29.0	0.0	0.238001582855	27.0	0.0	0.268368762669	35.0	0.0	0.357164276695	17.0	0.0	0.18909009419	36.0	0.0	0.277295927969	5.0	0.0	0.145272417301	27.0	0.0	0.292624203956	0.0	0.475409836066	0.0	0.0	0.44262295082	0.0	0.0	0.573770491803	0.0	0.0	0.27868852459	0.0	0.0	0.590163934426	0.0	0.0	0.0819672131148	0.0	0.0	0.44262295082	0.0
LSM	67.0	58.0	5.0	0.999999999997	67.0	0.0	0.0	32.0	7.0	0.838900078487	58.0	5.0	0.999999999997	67.0	0.0	0.0	58.0	5.0	0.999999999997	67.0	0.0	0.0	1.0	0.865671641791	0.0746268656716	0.0	1.0	0.0	1.0	0.477611940299	0.10447761194	1.0	0.865671641791	0.0746268656716	0.0	1.0	0.0	1.0	0.865671641791	0.0746268656716	0.0	1.0	0.0
Laminin_G_1	131.0	115.0	2.0	0.648799459398	131.0	0.0	0.0	131.0	0.0	0.0	114.0	3.0	0.655791982106	96.0	0.0	0.51684617771	114.0	3.0	0.655791982106	131.0	0.0	0.0	1.0	0.87786259542	0.0152671755725	0.0	1.0	0.0	0.0	1.0	0.0	1.0	0.870229007634	0.0229007633588	0.0	0.732824427481	0.0	1.0	0.870229007634	0.0229007633588	0.0	1.0	0.0
Laminin_G_2	126.0	111.0	3.0	0.636123010862	126.0	0.0	0.0	126.0	0.0	0.0	109.0	3.0	0.642971881514	97.0	0.0	0.668259480635	109.0	3.0	0.642971881514	126.0	0.0	0.0	1.0	0.880952380952	0.0238095238095	0.0	1.0	0.0	0.0	1.0	0.0	1.0	0.865079365079	0.0238095238095	0.0	0.769841269841	0.0	1.0	0.865079365079	0.0238095238095	0.0	1.0	0.0
Ldl_recept_a	37.0	37.0	0.0	0.0	37.0	0.0	0.0	37.0	0.0	0.0	37.0	0.0	0.0	11.0	2.0	0.838792737394	37.0	0.0	0.0	37.0	0.0	0.0	0.0	1.0	0.0	0.0	1.0	0.0	0.0	1.0	0.0	0.0	1.0	0.0	1.0	0.297297297297	0.0540540540541	0.0	1.0	0.0	0.0	1.0	0.0
Ldl_recept_b	42.0	42.0	0.0	0.0	42.0	0.0	0.0	42.0	0.0	0.0	42.0	0.0	0.0	37.0	1.0	0.402541371159	42.0	0.0	0.0	42.0	0.0	0.0	0.0	1.0	0.0	0.0	1.0	0.0	0.0	1.0	0.0	0.0	1.0	0.0	1.0	0.880952380952	0.0238095238095	0.0	1.0	0.0	0.0	1.0	0.0
Lectin_C	108.0	60.0	9.0	0.751323299706	95.0	1.0	1.0	108.0	0.0	0.0	46.0	6.0	0.70691903092	48.0	3.0	0.693570290182	43.0	6.0	0.709798505322	108.0	0.0	0.0	1.0	0.555555555556	0.0833333333333	1.0	0.87962962963	0.00925925925926	0.0	1.0	0.0	1.0	0.425925925926	0.0555555555556	1.0	0.444444444444	0.0277777777778	1.0	0.398148148148	0.0555555555556	0.0	1.0	0.0
Lig_chan-Glu_bd	115.0	67.0	3.0	0.574390841814	115.0	0.0	0.0	115.0	0.0	0.0	57.0	3.0	0.589922978655	92.0	0.0	0.409316711463	49.0	4.0	0.610210799006	115.0	0.0	0.0	1.0	0.582608695652	0.0260869565217	0.0	1.0	0.0	0.0	1.0	0.0	1.0	0.495652173913	0.0260869565217	0.0	0.8	0.0	1.0	0.426086956522	0.0347826086957	0.0	1.0	0.0
Lig_chan	149.0	136.0	0.0	0.275781360157	149.0	0.0	0.0	149.0	0.0	0.0	97.0	0.0	0.165190924182	149.0	0.0	0.0	87.0	0.0	0.160031126332	149.0	0.0	0.0	0.0	0.912751677852	0.0	0.0	1.0	0.0	0.0	1.0	0.0	0.0	0.651006711409	0.0	0.0	1.0	0.0	0.0	0.58389261745	0.0	0.0	1.0	0.0
Lipocalin	144.0	61.0	0.0	0.291332279767	108.0	5.0	0.807375340709	144.0	0.0	0.0	43.0	0.0	0.229917925076	115.0	0.0	0.215410979571	37.0	0.0	0.250969784149	144.0	0.0	0.0	0.0	0.423611111111	0.0	1.0	0.75	0.0347222222222	0.0	1.0	0.0	0.0	0.298611111111	0.0	0.0	0.798611111111	0.0	0.0	0.256944444444	0.0	0.0	1.0	0.0
Lys	124.0	54.0	6.0	0.596531535823	124.0	0.0	0.0	124.0	0.0	0.0	33.0	0.0	0.531410444822	61.0	0.0	0.538619031732	28.0	0.0	0.504388942029	124.0	0.0	0.0	1.0	0.435483870968	0.0483870967742	0.0	1.0	0.0	0.0	1.0	0.0	0.0	0.266129032258	0.0	0.0	0.491935483871	0.0	0.0	0.225806451613	0.0	0.0	1.0	0.0
MAM	160.0	160.0	0.0	0.0	160.0	0.0	0.0	160.0	0.0	0.0	160.0	0.0	0.0	160.0	0.0	0.0	160.0	0.0	0.0	160.0	0.0	0.0	0.0	1.0	0.0	0.0	1.0	0.0	0.0	1.0	0.0	0.0	1.0	0.0	0.0	1.0	0.0	0.0	1.0	0.0	0.0	1.0	0.0
MBT	69.0	69.0	0.0	0.0	61.0	0.0	0.416666666666	69.0	0.0	0.0	54.0	6.0	0.653640441684	69.0	0.0	0.0	40.0	2.0	0.66190719506	69.0	0.0	0.0	0.0	1.0	0.0	0.0	0.884057971014	0.0	0.0	1.0	0.0	1.0	0.782608695652	0.0869565217391	0.0	1.0	0.0	1.0	0.579710144928	0.0289855072464	0.0	1.0	0.0
MFS_1	353.0	329.0	6.0	0.591747545738	332.0	5.0	1.0	353.0	0.0	0.0	309.0	0.0	0.382738874503	328.0	1.0	0.670266970267	238.0	0.0	0.309773313971	353.0	0.0	0.0	1.0	0.932011331445	0.0169971671388	1.0	0.940509915014	0.014164305949	0.0	1.0	0.0	0.0	0.875354107649	0.0	1.0	0.929178470255	0.0028328611898	0.0	0.674220963173	0.0	0.0	1.0	0.0
MH1	103.0	103.0	0.0	0.0	103.0	0.0	0.0	103.0	0.0	0.0	103.0	0.0	0.0	88.0	0.0	0.799608805434	103.0	0.0	0.0	78.0	13.0	0.857258881895	0.0	1.0	0.0	0.0	1.0	0.0	0.0	1.0	0.0	0.0	1.0	0.0	0.0	0.854368932039	0.0	0.0	1.0	0.0	1.0	0.757281553398	0.126213592233
MHC_II_alpha	81.0	81.0	0.0	0.0	39.0	15.0	0.749063089479	81.0	0.0	0.0	81.0	0.0	0.0	81.0	0.0	0.0	81.0	0.0	0.0	81.0	0.0	0.0	0.0	1.0	0.0	1.0	0.481481481481	0.185185185185	0.0	1.0	0.0	0.0	1.0	0.0	0.0	1.0	0.0	0.0	1.0	0.0	0.0	1.0	0.0
MHC_II_beta	75.0	71.0	3.0	0.999999999999	43.0	18.0	0.986861081289	75.0	0.0	0.0	71.0	3.0	0.999999999999	69.0	0.0	0.341111111111	69.0	3.0	0.792936507935	75.0	0.0	0.0	1.0	0.946666666667	0.04	1.0	0.573333333333	0.24	0.0	1.0	0.0	1.0	0.946666666667	0.04	0.0	0.92	0.0	1.0	0.92	0.04	0.0	1.0	0.0
MHC_I	179.0	160.0	2.0	0.529616027217	74.0	37.0	0.979565485307	179.0	0.0	0.0	140.0	0.0	0.305597272284	172.0	0.0	0.38479717813	111.0	0.0	0.341361065331	179.0	0.0	0.0	1.0	0.893854748603	0.0111731843575	1.0	0.413407821229	0.206703910615	0.0	1.0	0.0	0.0	0.782122905028	0.0	0.0	0.960893854749	0.0	0.0	0.620111731844	0.0	0.0	1.0	0.0
MIP	227.0	227.0	0.0	0.0	227.0	0.0	0.0	227.0	0.0	0.0	227.0	0.0	0.0	227.0	0.0	0.0	227.0	0.0	0.0	227.0	0.0	0.0	0.0	1.0	0.0	0.0	1.0	0.0	0.0	1.0	0.0	0.0	1.0	0.0	0.0	1.0	0.0	0.0	1.0	0.0	0.0	1.0	0.0
MIT	65.0	65.0	0.0	0.0	23.0	5.0	0.562823854912	65.0	0.0	0.0	65.0	0.0	0.0	65.0	0.0	0.0	65.0	0.0	0.0	65.0	0.0	0.0	0.0	1.0	0.0	1.0	0.353846153846	0.0769230769231	0.0	1.0	0.0	0.0	1.0	0.0	0.0	1.0	0.0	0.0	1.0	0.0	0.0	1.0	0.0
Macro	118.0	73.0	9.0	0.830776773133	118.0	0.0	0.0	118.0	0.0	0.0	73.0	9.0	0.830776773133	118.0	0.0	0.0	72.0	8.0	0.796132071316	118.0	0.0	0.0	1.0	0.618644067797	0.0762711864407	0.0	1.0	0.0	0.0	1.0	0.0	1.0	0.618644067797	0.0762711864407	0.0	1.0	0.0	1.0	0.610169491525	0.0677966101695	0.0	1.0	0.0
Metallophos	204.0	172.0	6.0	0.748978172428	137.0	0.0	0.457166247366	204.0	0.0	0.0	165.0	6.0	0.812404729845	111.0	5.0	0.91792272512	147.0	6.0	0.755446749641	185.0	0.0	0.425600621386	1.0	0.843137254902	0.0294117647059	0.0	0.671568627451	0.0	0.0	1.0	0.0	1.0	0.808823529412	0.0294117647059	1.0	0.544117647059	0.0245098039216	1.0	0.720588235294	0.0294117647059	0.0	0.906862745098	0.0
Methyltransf_11	95.0	84.0	0.0	0.486071592548	90.0	1.0	0.639402427637	95.0	0.0	0.0	5.0	5.0	0.766941730757	86.0	0.0	0.250732865444	5.0	5.0	0.746852506658	95.0	0.0	0.0	0.0	0.884210526316	0.0	1.0	0.947368421053	0.0105263157895	0.0	1.0	0.0	1.0	0.0526315789474	0.0526315789474	0.0	0.905263157895	0.0	1.0	0.0526315789474	0.0526315789474	0.0	1.0	0.0
Methyltransf_12	99.0	94.0	4.0	0.664788621719	99.0	0.0	0.0	99.0	0.0	0.0	7.0	7.0	0.791136960378	89.0	0.0	0.289971373361	7.0	7.0	0.745049980094	99.0	0.0	0.0	1.0	0.949494949495	0.040404040404	0.0	1.0	0.0	0.0	1.0	0.0	1.0	0.0707070707071	0.0707070707071	0.0	0.89898989899	0.0	1.0	0.0707070707071	0.0707070707071	0.0	1.0	0.0
Methyltransf_23	165.0	146.0	3.0	0.43592552682	165.0	0.0	0.0	165.0	0.0	0.0	67.0	7.0	0.80745196797	157.0	2.0	0.403616373769	61.0	6.0	0.757038459528	165.0	0.0	0.0	1.0	0.884848484848	0.0181818181818	0.0	1.0	0.0	0.0	1.0	0.0	1.0	0.406060606061	0.0424242424242	1.0	0.951515151515	0.0121212121212	1.0	0.369696969697	0.0363636363636	0.0	1.0	0.0
Methyltransf_25	97.0	73.0	1.0	0.520531015287	97.0	0.0	0.0	97.0	0.0	0.0	9.0	4.0	0.783883849026	82.0	0.0	0.192603182253	9.0	4.0	0.776528357429	97.0	0.0	0.0	1.0	0.752577319588	0.0103092783505	0.0	1.0	0.0	0.0	1.0	0.0	1.0	0.0927835051546	0.0412371134021	0.0	0.845360824742	0.0	1.0	0.0927835051546	0.0412371134021	0.0	1.0	0.0
Mito_carr	97.0	97.0	0.0	0.0	97.0	0.0	0.0	97.0	0.0	0.0	97.0	0.0	0.0	97.0	0.0	0.0	74.0	17.0	0.470337301587	97.0	0.0	0.0	0.0	1.0	0.0	0.0	1.0	0.0	0.0	1.0	0.0	0.0	1.0	0.0	0.0	1.0	0.0	1.0	0.762886597938	0.175257731959	0.0	1.0	0.0
MreB_Mbl	327.0	288.0	12.0	0.84968108157	324.0	0.0	0.0	324.0	0.0	0.0	283.0	13.0	0.777673216059	312.0	1.0	0.566788843218	265.0	8.0	0.693820518155	324.0	0.0	0.0	1.0	0.880733944954	0.0366972477064	0.0	0.990825688073	0.0	0.0	0.990825688073	0.0	1.0	0.865443425076	0.039755351682	1.0	0.954128440367	0.00305810397554	1.0	0.810397553517	0.0244648318043	0.0	0.990825688073	0.0
Myb_DNA-bind_6	60.0	60.0	0.0	0.0	60.0	0.0	0.0	60.0	0.0	0.0	60.0	0.0	0.0	60.0	0.0	0.0	60.0	0.0	0.0	36.0	12.0	0.68355700923	0.0	1.0	0.0	0.0	1.0	0.0	0.0	1.0	0.0	0.0	1.0	0.0	0.0	1.0	0.0	0.0	1.0	0.0	1.0	0.6	0.2
NAD_binding_1	109.0	35.0	0.0	0.54651518732	109.0	0.0	0.0	109.0	0.0	0.0	21.0	0.0	0.688533695487	103.0	0.0	0.372703412074	21.0	0.0	0.688533695487	109.0	0.0	0.0	0.0	0.321100917431	0.0	0.0	1.0	0.0	0.0	1.0	0.0	0.0	0.192660550459	0.0	0.0	0.94495412844	0.0	0.0	0.192660550459	0.0	0.0	1.0	0.0
NAD_binding_8	68.0	35.0	0.0	0.372310564438	68.0	0.0	0.0	68.0	0.0	0.0	12.0	10.0	0.903422136151	68.0	0.0	0.0	12.0	10.0	0.903683183129	68.0	0.0	0.0	0.0	0.514705882353	0.0	0.0	1.0	0.0	0.0	1.0	0.0	1.0	0.176470588235	0.147058823529	0.0	1.0	0.0	1.0	0.176470588235	0.147058823529	0.0	1.0	0.0
NDK	135.0	115.0	13.0	0.958939700801	135.0	0.0	0.0	135.0	0.0	0.0	111.0	13.0	0.982010232675	115.0	0.0	0.412036134188	111.0	14.0	0.97404403355	135.0	0.0	0.0	1.0	0.851851851852	0.0962962962963	0.0	1.0	0.0	0.0	1.0	0.0	1.0	0.822222222222	0.0962962962963	0.0	0.851851851852	0.0	1.0	0.822222222222	0.103703703704	0.0	1.0	0.0
NHL	28.0	28.0	0.0	0.0	28.0	0.0	0.0	28.0	0.0	0.0	28.0	0.0	0.0	24.0	2.0	0.618533068783	28.0	0.0	0.0	28.0	0.0	0.0	0.0	1.0	0.0	0.0	1.0	0.0	0.0	1.0	0.0	0.0	1.0	0.0	1.0	0.857142857143	0.0714285714286	0.0	1.0	0.0	0.0	1.0	0.0
NTF2	120.0	102.0	5.0	0.7277507215	78.0	0.0	0.248102267574	120.0	0.0	0.0	83.0	5.0	0.832368895935	120.0	0.0	0.0	62.0	1.0	0.576878769844	120.0	0.0	0.0	1.0	0.85	0.0416666666667	0.0	0.65	0.0	0.0	1.0	0.0	1.0	0.691666666667	0.0416666666667	0.0	1.0	0.0	1.0	0.516666666667	0.00833333333333	0.0	1.0	0.0
NTP_transf_2	95.0	67.0	6.0	0.846191395411	95.0	0.0	0.0	57.0	0.0	0.574635235922	65.0	6.0	0.869566828565	77.0	2.0	0.974492836328	64.0	6.0	0.865655622945	78.0	3.0	0.648052535603	1.0	0.705263157895	0.0631578947368	0.0	1.0	0.0	0.0	0.6	0.0	1.0	0.684210526316	0.0631578947368	1.0	0.810526315789	0.0210526315789	1.0	0.673684210526	0.0631578947368	1.0	0.821052631579	0.0315789473684
NUDIX	131.0	71.0	0.0	0.435727707953	131.0	0.0	0.0	108.0	12.0	1.0	52.0	0.0	0.474010719694	78.0	0.0	0.703130623947	52.0	0.0	0.466869455464	131.0	0.0	0.0	0.0	0.541984732824	0.0	0.0	1.0	0.0	1.0	0.824427480916	0.0916030534351	0.0	0.396946564885	0.0	0.0	0.595419847328	0.0	0.0	0.396946564885	0.0	0.0	1.0	0.0
Na_Ca_ex	151.0	151.0	0.0	0.0	151.0	0.0	0.0	151.0	0.0	0.0	151.0	0.0	0.0	125.0	0.0	0.254735642436	151.0	0.0	0.0	151.0	0.0	0.0	0.0	1.0	0.0	0.0	1.0	0.0	0.0	1.0	0.0	0.0	1.0	0.0	0.0	0.827814569536	0.0	0.0	1.0	0.0	0.0	1.0	0.0
Neur_chan_LBD	216.0	201.0	14.0	0.777352077353	162.0	3.0	0.673031402949	216.0	0.0	0.0	148.0	0.0	0.646555773511	196.0	3.0	0.39176374221	109.0	3.0	0.578863293656	216.0	0.0	0.0	1.0	0.930555555556	0.0648148148148	1.0	0.75	0.0138888888889	0.0	1.0	0.0	0.0	0.685185185185	0.0	1.0	0.907407407407	0.0138888888889	1.0	0.50462962963	0.0138888888889	0.0	1.0	0.0
Nop	229.0	229.0	0.0	0.0	229.0	0.0	0.0	154.0	14.0	0.855415808813	229.0	0.0	0.0	229.0	0.0	0.0	229.0	0.0	0.0	229.0	0.0	0.0	0.0	1.0	0.0	0.0	1.0	0.0	1.0	0.672489082969	0.061135371179	0.0	1.0	0.0	0.0	1.0	0.0	0.0	1.0	0.0	0.0	1.0	0.0
Notch	36.0	36.0	0.0	0.0	36.0	0.0	0.0	36.0	0.0	0.0	36.0	0.0	0.0	26.0	4.0	0.871309466523	36.0	0.0	0.0	36.0	0.0	0.0	0.0	1.0	0.0	0.0	1.0	0.0	0.0	1.0	0.0	0.0	1.0	0.0	1.0	0.722222222222	0.111111111111	0.0	1.0	0.0	0.0	1.0	0.0
OB_NTP_bind	83.0	83.0	0.0	0.0	83.0	0.0	0.0	75.0	0.0	0.554263565891	83.0	0.0	0.0	83.0	0.0	0.0	83.0	0.0	0.0	83.0	0.0	0.0	0.0	1.0	0.0	0.0	1.0	0.0	0.0	0.903614457831	0.0	0.0	1.0	0.0	0.0	1.0	0.0	0.0	1.0	0.0	0.0	1.0	0.0
OLF	247.0	247.0	0.0	0.0	247.0	0.0	0.0	247.0	0.0	0.0	247.0	0.0	0.0	238.0	3.0	0.884935595032	247.0	0.0	0.0	247.0	0.0	0.0	0.0	1.0	0.0	0.0	1.0	0.0	0.0	1.0	0.0	0.0	1.0	0.0	1.0	0.963562753036	0.0121457489879	0.0	1.0	0.0	0.0	1.0	0.0
OTU	127.0	127.0	0.0	0.0	127.0	0.0	0.0	127.0	0.0	0.0	127.0	0.0	0.0	127.0	0.0	0.0	123.0	3.0	1.0	127.0	0.0	0.0	0.0	1.0	0.0	0.0	1.0	0.0	0.0	1.0	0.0	0.0	1.0	0.0	0.0	1.0	0.0	1.0	0.968503937008	0.0236220472441	0.0	1.0	0.0
Oxysterol_BP	373.0	346.0	2.0	0.58798636333	373.0	0.0	0.0	373.0	0.0	0.0	319.0	1.0	0.512648575985	373.0	0.0	0.0	318.0	3.0	0.565187982486	373.0	0.0	0.0	1.0	0.927613941019	0.00536193029491	0.0	1.0	0.0	0.0	1.0	0.0	1.0	0.855227882038	0.00268096514745	0.0	1.0	0.0	1.0	0.85254691689	0.00804289544236	0.0	1.0	0.0
PAN_1	79.0	79.0	0.0	0.0	79.0	0.0	0.0	79.0	0.0	0.0	57.0	0.0	0.585626614987	79.0	0.0	0.0	57.0	0.0	0.585626614987	79.0	0.0	0.0	0.0	1.0	0.0	0.0	1.0	0.0	0.0	1.0	0.0	0.0	0.721518987342	0.0	0.0	1.0	0.0	0.0	0.721518987342	0.0	0.0	1.0	0.0
PAP2	136.0	136.0	0.0	0.0	136.0	0.0	0.0	136.0	0.0	0.0	136.0	0.0	0.0	113.0	0.0	0.601539039038	121.0	0.0	0.634424603174	136.0	0.0	0.0	0.0	1.0	0.0	0.0	1.0	0.0	0.0	1.0	0.0	0.0	1.0	0.0	0.0	0.830882352941	0.0	0.0	0.889705882353	0.0	0.0	1.0	0.0
PARP	195.0	195.0	0.0	0.0	195.0	0.0	0.0	195.0	0.0	0.0	147.0	4.0	0.727235775562	187.0	0.0	0.659236555754	90.0	4.0	0.583996471162	195.0	0.0	0.0	0.0	1.0	0.0	0.0	1.0	0.0	0.0	1.0	0.0	1.0	0.753846153846	0.0205128205128	0.0	0.958974358974	0.0	1.0	0.461538461538	0.0205128205128	0.0	1.0	0.0
PAS	113.0	113.0	0.0	0.0	113.0	0.0	0.0	113.0	0.0	0.0	63.0	6.0	0.597487939245	106.0	0.0	0.30597928437	59.0	4.0	0.590859179636	113.0	0.0	0.0	0.0	1.0	0.0	0.0	1.0	0.0	0.0	1.0	0.0	1.0	0.557522123894	0.0530973451327	0.0	0.938053097345	0.0	1.0	0.522123893805	0.0353982300885	0.0	1.0	0.0
PAS_11	113.0	113.0	0.0	0.0	113.0	0.0	0.0	113.0	0.0	0.0	113.0	0.0	0.0	113.0	0.0	0.0	85.0	9.0	0.515367965369	113.0	0.0	0.0	0.0	1.0	0.0	0.0	1.0	0.0	0.0	1.0	0.0	0.0	1.0	0.0	0.0	1.0	0.0	1.0	0.752212389381	0.0796460176991	0.0	1.0	0.0
PAS_9	104.0	104.0	0.0	0.0	104.0	0.0	0.0	104.0	0.0	0.0	33.0	20.0	0.788801070603	99.0	0.0	0.616106014271	29.0	16.0	0.750141886194	104.0	0.0	0.0	0.0	1.0	0.0	0.0	1.0	0.0	0.0	1.0	0.0	1.0	0.317307692308	0.192307692308	0.0	0.951923076923	0.0	1.0	0.278846153846	0.153846153846	0.0	1.0	0.0
PA	93.0	93.0	0.0	0.0	93.0	0.0	0.0	93.0	0.0	0.0	93.0	0.0	0.0	93.0	0.0	0.0	93.0	0.0	0.0	93.0	0.0	0.0	0.0	1.0	0.0	0.0	1.0	0.0	0.0	1.0	0.0	0.0	1.0	0.0	0.0	1.0	0.0	0.0	1.0	0.0	0.0	1.0	0.0
PCI	105.0	105.0	0.0	0.0	78.0	1.0	0.445677570093	105.0	0.0	0.0	105.0	0.0	0.0	105.0	0.0	0.0	105.0	0.0	0.0	105.0	0.0	0.0	0.0	1.0	0.0	1.0	0.742857142857	0.00952380952381	0.0	1.0	0.0	0.0	1.0	0.0	0.0	1.0	0.0	0.0	1.0	0.0	0.0	1.0	0.0
PDEase_I	238.0	216.0	16.0	1.0	238.0	0.0	0.0	238.0	0.0	0.0	149.0	5.0	0.640200662812	159.0	4.0	0.955023665974	120.0	8.0	0.68201855335	238.0	0.0	0.0	1.0	0.90756302521	0.0672268907563	0.0	1.0	0.0	0.0	1.0	0.0	1.0	0.626050420168	0.0210084033613	1.0	0.668067226891	0.0168067226891	1.0	0.504201680672	0.0336134453782	0.0	1.0	0.0
PDZ	82.0	71.0	0.0	0.492337164751	11.0	5.0	0.652172264835	82.0	0.0	0.0	65.0	1.0	0.344295739348	77.0	0.0	0.587865497077	56.0	1.0	0.264118400536	82.0	0.0	0.0	0.0	0.865853658537	0.0	1.0	0.134146341463	0.0609756097561	0.0	1.0	0.0	1.0	0.792682926829	0.0121951219512	0.0	0.939024390244	0.0	1.0	0.682926829268	0.0121951219512	0.0	1.0	0.0
PHD_2	36.0	36.0	0.0	0.0	11.0	1.0	0.427741919338	36.0	0.0	0.0	36.0	0.0	0.0	20.0	11.0	0.985227045454	36.0	0.0	0.0	36.0	0.0	0.0	0.0	1.0	0.0	1.0	0.305555555556	0.0277777777778	0.0	1.0	0.0	0.0	1.0	0.0	1.0	0.555555555556	0.305555555556	0.0	1.0	0.0	0.0	1.0	0.0
PH	105.0	53.0	4.0	0.799704589824	105.0	0.0	0.0	105.0	0.0	0.0	48.0	4.0	0.774536044442	76.0	0.0	0.286599184345	40.0	3.0	0.747097964606	105.0	0.0	0.0	1.0	0.504761904762	0.0380952380952	0.0	1.0	0.0	0.0	1.0	0.0	1.0	0.457142857143	0.0380952380952	0.0	0.72380952381	0.0	1.0	0.380952380952	0.0285714285714	0.0	1.0	0.0
PI-PLC-X	145.0	122.0	8.0	0.758998881343	145.0	0.0	0.0	145.0	0.0	0.0	122.0	8.0	0.763446823513	116.0	0.0	0.515540557643	121.0	8.0	0.773218410443	145.0	0.0	0.0	1.0	0.841379310345	0.0551724137931	0.0	1.0	0.0	0.0	1.0	0.0	1.0	0.841379310345	0.0551724137931	0.0	0.8	0.0	1.0	0.834482758621	0.0551724137931	0.0	1.0	0.0
PI3_PI4_kinase	250.0	198.0	0.0	0.283167527226	250.0	0.0	0.0	250.0	0.0	0.0	146.0	0.0	0.130546181866	250.0	0.0	0.0	48.0	0.0	0.122917658405	250.0	0.0	0.0	0.0	0.792	0.0	0.0	1.0	0.0	0.0	1.0	0.0	0.0	0.584	0.0	0.0	1.0	0.0	0.0	0.192	0.0	0.0	1.0	0.0
PID	140.0	140.0	0.0	0.0	79.0	7.0	0.666962275951	140.0	0.0	0.0	140.0	0.0	0.0	140.0	0.0	0.0	140.0	0.0	0.0	140.0	0.0	0.0	0.0	1.0	0.0	1.0	0.564285714286	0.05	0.0	1.0	0.0	0.0	1.0	0.0	0.0	1.0	0.0	0.0	1.0	0.0	0.0	1.0	0.0
PKD	71.0	71.0	0.0	0.0	71.0	0.0	0.0	71.0	0.0	0.0	71.0	0.0	0.0	64.0	2.0	0.817866704916	71.0	0.0	0.0	71.0	0.0	0.0	0.0	1.0	0.0	0.0	1.0	0.0	0.0	1.0	0.0	0.0	1.0	0.0	1.0	0.901408450704	0.0281690140845	0.0	1.0	0.0	0.0	1.0	0.0
PLAT	117.0	117.0	0.0	0.0	117.0	0.0	0.0	117.0	0.0	0.0	117.0	0.0	0.0	92.0	0.0	0.364967706377	117.0	0.0	0.0	117.0	0.0	0.0	0.0	1.0	0.0	0.0	1.0	0.0	0.0	1.0	0.0	0.0	1.0	0.0	0.0	0.786324786325	0.0	0.0	1.0	0.0	0.0	1.0	0.0
PLDc_2	133.0	133.0	0.0	0.0	133.0	0.0	0.0	133.0	0.0	0.0	133.0	0.0	0.0	108.0	0.0	0.275342803483	113.0	0.0	0.476866549089	133.0	0.0	0.0	0.0	1.0	0.0	0.0	1.0	0.0	0.0	1.0	0.0	0.0	1.0	0.0	0.0	0.812030075188	0.0	0.0	0.84962406015	0.0	0.0	1.0	0.0
PP2C	258.0	258.0	0.0	0.0	258.0	0.0	0.0	258.0	0.0	0.0	258.0	0.0	0.0	190.0	0.0	0.546132915755	258.0	0.0	0.0	258.0	0.0	0.0	0.0	1.0	0.0	0.0	1.0	0.0	0.0	1.0	0.0	0.0	1.0	0.0	0.0	0.736434108527	0.0	0.0	1.0	0.0	0.0	1.0	0.0
PPTA	28.0	28.0	0.0	0.0	22.0	4.0	0.856325805202	28.0	0.0	0.0	24.0	3.0	0.867457293601	28.0	0.0	0.0	24.0	3.0	0.823864733682	28.0	0.0	0.0	0.0	1.0	0.0	1.0	0.785714285714	0.142857142857	0.0	1.0	0.0	1.0	0.857142857143	0.107142857143	0.0	1.0	0.0	1.0	0.857142857143	0.107142857143	0.0	1.0	0.0
PTB	131.0	131.0	0.0	0.0	131.0	0.0	0.0	131.0	0.0	0.0	131.0	0.0	0.0	131.0	0.0	0.0	131.0	0.0	0.0	131.0	0.0	0.0	0.0	1.0	0.0	0.0	1.0	0.0	0.0	1.0	0.0	0.0	1.0	0.0	0.0	1.0	0.0	0.0	1.0	0.0	0.0	1.0	0.0
PTCB-BRCT	63.0	63.0	0.0	0.0	39.0	1.0	0.687650150149	63.0	0.0	0.0	63.0	0.0	0.0	63.0	0.0	0.0	63.0	0.0	0.0	63.0	0.0	0.0	0.0	1.0	0.0	1.0	0.619047619048	0.015873015873	0.0	1.0	0.0	0.0	1.0	0.0	0.0	1.0	0.0	0.0	1.0	0.0	0.0	1.0	0.0
PUF	35.0	35.0	0.0	0.0	35.0	0.0	0.0	8.0	4.0	0.707569820628	35.0	0.0	0.0	35.0	0.0	0.0	35.0	0.0	0.0	35.0	0.0	0.0	0.0	1.0	0.0	0.0	1.0	0.0	1.0	0.228571428571	0.114285714286	0.0	1.0	0.0	0.0	1.0	0.0	0.0	1.0	0.0	0.0	1.0	0.0
PWWP	96.0	96.0	0.0	0.0	68.0	5.0	0.788123822976	96.0	0.0	0.0	96.0	0.0	0.0	85.0	1.0	0.576562499999	96.0	0.0	0.0	96.0	0.0	0.0	0.0	1.0	0.0	1.0	0.708333333333	0.0520833333333	0.0	1.0	0.0	0.0	1.0	0.0	1.0	0.885416666667	0.0104166666667	0.0	1.0	0.0	0.0	1.0	0.0
PX	113.0	113.0	0.0	0.0	113.0	0.0	0.0	113.0	0.0	0.0	113.0	0.0	0.0	113.0	0.0	0.0	105.0	7.0	1.0	113.0	0.0	0.0	0.0	1.0	0.0	0.0	1.0	0.0	0.0	1.0	0.0	0.0	1.0	0.0	0.0	1.0	0.0	1.0	0.929203539823	0.0619469026549	0.0	1.0	0.0
Peptidase_C14	248.0	243.0	0.0	0.0	163.0	11.0	0.895891080728	243.0	0.0	0.0	219.0	0.0	0.355915810769	205.0	0.0	0.304654694337	190.0	0.0	0.190916579786	243.0	0.0	0.0	0.0	0.979838709677	0.0	1.0	0.657258064516	0.0443548387097	0.0	0.979838709677	0.0	0.0	0.883064516129	0.0	0.0	0.826612903226	0.0	0.0	0.766129032258	0.0	0.0	0.979838709677	0.0
Peptidase_C1	219.0	196.0	1.0	0.428981514752	191.0	6.0	0.689636805607	219.0	0.0	0.0	143.0	7.0	0.712255675139	194.0	3.0	0.491133567035	113.0	8.0	0.786944561342	219.0	0.0	0.0	1.0	0.89497716895	0.00456621004566	1.0	0.872146118721	0.027397260274	0.0	1.0	0.0	1.0	0.65296803653	0.0319634703196	1.0	0.885844748858	0.013698630137	1.0	0.51598173516	0.0365296803653	0.0	1.0	0.0
Peptidase_M10	158.0	158.0	0.0	0.0	131.0	6.0	0.606367163149	158.0	0.0	0.0	118.0	9.0	0.930605740252	70.0	13.0	0.840828629528	101.0	9.0	0.936199680342	158.0	0.0	0.0	0.0	1.0	0.0	1.0	0.829113924051	0.0379746835443	0.0	1.0	0.0	1.0	0.746835443038	0.0569620253165	1.0	0.443037974684	0.0822784810127	1.0	0.639240506329	0.0569620253165	0.0	1.0	0.0
Peptidase_M14	289.0	260.0	1.0	0.919712897563	262.0	5.0	0.744602609729	289.0	0.0	0.0	224.0	11.0	0.878948017694	233.0	2.0	0.811679888411	223.0	13.0	0.918830794182	289.0	0.0	0.0	1.0	0.899653979239	0.00346020761246	1.0	0.906574394464	0.0173010380623	0.0	1.0	0.0	1.0	0.77508650519	0.038062283737	1.0	0.806228373702	0.00692041522491	1.0	0.771626297578	0.0449826989619	0.0	1.0	0.0
Phospholip_A2_1	111.0	72.0	0.0	0.303012106304	84.0	9.0	0.806856468133	111.0	0.0	0.0	54.0	0.0	0.421187462911	72.0	0.0	0.545065559841	54.0	0.0	0.499887920853	111.0	0.0	0.0	0.0	0.648648648649	0.0	1.0	0.756756756757	0.0810810810811	0.0	1.0	0.0	0.0	0.486486486486	0.0	0.0	0.648648648649	0.0	0.0	0.486486486486	0.0	0.0	1.0	0.0
Pkinase	264.0	98.0	6.0	0.638949305396	55.0	5.0	0.35142542489	264.0	0.0	0.0	19.0	2.0	0.549923416741	119.0	0.0	0.443648012914	0.0	1.0	0.51542074765	264.0	0.0	0.0	1.0	0.371212121212	0.0227272727273	1.0	0.208333333333	0.0189393939394	0.0	1.0	0.0	1.0	0.0719696969697	0.00757575757576	0.0	0.450757575758	0.0	1.0	0.0	0.00378787878788	0.0	1.0	0.0
Pkinase_C	46.0	46.0	0.0	0.0	42.0	0.0	0.401418439716	46.0	0.0	0.0	41.0	4.0	0.706509114618	46.0	0.0	0.0	37.0	1.0	0.728711131908	46.0	0.0	0.0	0.0	1.0	0.0	0.0	0.913043478261	0.0	0.0	1.0	0.0	1.0	0.891304347826	0.0869565217391	0.0	1.0	0.0	1.0	0.804347826087	0.0217391304348	0.0	1.0	0.0
Pou	72.0	72.0	0.0	0.0	72.0	0.0	0.0	72.0	0.0	0.0	72.0	0.0	0.0	72.0	0.0	0.0	72.0	0.0	0.0	51.0	18.0	1.0	0.0	1.0	0.0	0.0	1.0	0.0	0.0	1.0	0.0	0.0	1.0	0.0	0.0	1.0	0.0	0.0	1.0	0.0	1.0	0.708333333333	0.25
Pre-SET	109.0	107.0	0.0	0.0	107.0	0.0	0.0	107.0	0.0	0.0	107.0	0.0	0.0	73.0	9.0	0.735718200998	107.0	0.0	0.0	107.0	0.0	0.0	0.0	0.981651376147	0.0	0.0	0.981651376147	0.0	0.0	0.981651376147	0.0	0.0	0.981651376147	0.0	1.0	0.669724770642	0.0825688073394	0.0	0.981651376147	0.0	0.0	0.981651376147	0.0
Prenyltrans	44.0	31.0	1.0	0.305653456401	28.0	0.0	0.443120491964	44.0	0.0	0.0	14.0	0.0	0.285360319476	21.0	0.0	0.340576062013	7.0	0.0	0.29465108903	44.0	0.0	0.0	1.0	0.704545454545	0.0227272727273	0.0	0.636363636364	0.0	0.0	1.0	0.0	0.0	0.318181818182	0.0	0.0	0.477272727273	0.0	0.0	0.159090909091	0.0	0.0	1.0	0.0
Pro_isomerase	158.0	149.0	7.0	1.0	110.0	10.0	0.989321709272	157.0	0.0	0.0	132.0	8.0	0.890644496703	152.0	0.0	0.279246794872	118.0	9.0	0.80446147444	157.0	0.0	0.0	1.0	0.943037974684	0.0443037974684	1.0	0.696202531646	0.0632911392405	0.0	0.993670886076	0.0	1.0	0.835443037975	0.0506329113924	0.0	0.962025316456	0.0	1.0	0.746835443038	0.0569620253165	0.0	0.993670886076	0.0
Prok-RING_4	46.0	46.0	0.0	0.0	46.0	0.0	0.0	46.0	0.0	0.0	46.0	0.0	0.0	8.0	8.0	0.892112845551	46.0	0.0	0.0	46.0	0.0	0.0	0.0	1.0	0.0	0.0	1.0	0.0	0.0	1.0	0.0	0.0	1.0	0.0	1.0	0.173913043478	0.173913043478	0.0	1.0	0.0	0.0	1.0	0.0
Proteasome	190.0	190.0	0.0	0.0	167.0	1.0	0.523930274081	190.0	0.0	0.0	182.0	4.0	0.604267845975	149.0	0.0	0.235228204297	167.0	0.0	0.571650722377	190.0	0.0	0.0	0.0	1.0	0.0	1.0	0.878947368421	0.00526315789474	0.0	1.0	0.0	1.0	0.957894736842	0.0210526315789	0.0	0.784210526316	0.0	0.0	0.878947368421	0.0	0.0	1.0	0.0
RCC1	50.0	50.0	0.0	0.0	50.0	0.0	0.0	50.0	0.0	0.0	50.0	0.0	0.0	42.0	0.0	0.286262838468	50.0	0.0	0.0	50.0	0.0	0.0	0.0	1.0	0.0	0.0	1.0	0.0	0.0	1.0	0.0	0.0	1.0	0.0	0.0	0.84	0.0	0.0	1.0	0.0	0.0	1.0	0.0
RGS	118.0	118.0	0.0	0.0	118.0	0.0	0.0	118.0	0.0	0.0	118.0	0.0	0.0	118.0	0.0	0.0	118.0	0.0	0.0	118.0	0.0	0.0	0.0	1.0	0.0	0.0	1.0	0.0	0.0	1.0	0.0	0.0	1.0	0.0	0.0	1.0	0.0	0.0	1.0	0.0	0.0	1.0	0.0
RNase_T	165.0	137.0	3.0	0.904093108787	165.0	0.0	0.0	144.0	14.0	1.0	132.0	10.0	0.946836020085	143.0	2.0	0.801214445331	132.0	10.0	0.946836020085	99.0	15.0	0.966972899327	1.0	0.830303030303	0.0181818181818	0.0	1.0	0.0	1.0	0.872727272727	0.0848484848485	1.0	0.8	0.0606060606061	1.0	0.866666666667	0.0121212121212	1.0	0.8	0.0606060606061	1.0	0.6	0.0909090909091
RRM_1	70.0	59.0	0.0	0.381555555556	26.0	2.0	0.477496468604	19.0	14.0	0.787119042728	55.0	1.0	0.289033947534	56.0	0.0	0.324411683278	55.0	3.0	0.289033947534	41.0	7.0	0.728636859456	0.0	0.842857142857	0.0	1.0	0.371428571429	0.0285714285714	1.0	0.271428571429	0.2	1.0	0.785714285714	0.0142857142857	0.0	0.8	0.0	1.0	0.785714285714	0.0428571428571	1.0	0.585714285714	0.1
RabGAP-TBC	215.0	215.0	0.0	0.0	215.0	0.0	0.0	215.0	0.0	0.0	215.0	0.0	0.0	215.0	0.0	0.0	215.0	0.0	0.0	215.0	0.0	0.0	0.0	1.0	0.0	0.0	1.0	0.0	0.0	1.0	0.0	0.0	1.0	0.0	0.0	1.0	0.0	0.0	1.0	0.0	0.0	1.0	0.0
Rad60-SLD	72.0	72.0	0.0	0.0	40.0	2.0	0.55184000288	72.0	0.0	0.0	72.0	0.0	0.0	55.0	0.0	0.26396848924	68.0	0.0	0.443661971831	72.0	0.0	0.0	0.0	1.0	0.0	1.0	0.555555555556	0.0277777777778	0.0	1.0	0.0	0.0	1.0	0.0	0.0	0.763888888889	0.0	0.0	0.944444444444	0.0	0.0	1.0	0.0
Recep_L_domain	112.0	107.0	0.0	0.345588235294	84.0	6.0	0.633915325126	111.0	0.0	0.0	107.0	0.0	0.345588235294	111.0	0.0	0.0	107.0	0.0	0.345588235294	111.0	0.0	0.0	0.0	0.955357142857	0.0	1.0	0.75	0.0535714285714	0.0	0.991071428571	0.0	0.0	0.955357142857	0.0	0.0	0.991071428571	0.0	0.0	0.955357142857	0.0	0.0	0.991071428571	0.0
RhoGAP	152.0	152.0	0.0	0.0	152.0	0.0	0.0	152.0	0.0	0.0	141.0	0.0	0.335497835498	145.0	0.0	1.0	141.0	0.0	0.335497835498	152.0	0.0	0.0	0.0	1.0	0.0	0.0	1.0	0.0	0.0	1.0	0.0	0.0	0.927631578947	0.0	0.0	0.953947368421	0.0	0.0	0.927631578947	0.0	0.0	1.0	0.0
Rhodanese	107.0	107.0	0.0	0.0	107.0	0.0	0.0	107.0	0.0	0.0	91.0	5.0	0.320667932532	98.0	3.0	0.263122211848	86.0	1.0	0.343298032805	107.0	0.0	0.0	0.0	1.0	0.0	0.0	1.0	0.0	0.0	1.0	0.0	1.0	0.85046728972	0.0467289719626	1.0	0.915887850467	0.0280373831776	1.0	0.803738317757	0.00934579439252	0.0	1.0	0.0
Ribosomal_L7Ae	95.0	95.0	0.0	0.0	87.0	0.0	0.6015625	48.0	16.0	0.820098594162	95.0	0.0	0.0	95.0	0.0	0.0	95.0	0.0	0.0	95.0	0.0	0.0	0.0	1.0	0.0	0.0	0.915789473684	0.0	1.0	0.505263157895	0.168421052632	0.0	1.0	0.0	0.0	1.0	0.0	0.0	1.0	0.0	0.0	1.0	0.0
Ribosomal_S4	83.0	61.0	0.0	0.0	61.0	0.0	0.0	18.0	33.0	0.985776578215	61.0	0.0	0.0	61.0	0.0	0.0	61.0	0.0	0.0	61.0	0.0	0.0	0.0	0.734939759036	0.0	0.0	0.734939759036	0.0	1.0	0.21686746988	0.397590361446	0.0	0.734939759036	0.0	0.0	0.734939759036	0.0	0.0	0.734939759036	0.0	0.0	0.734939759036	0.0
Ricin_B_lectin	127.0	48.0	0.0	0.598390960788	127.0	0.0	0.0	127.0	0.0	0.0	45.0	0.0	0.555244235892	109.0	1.0	0.677888975416	40.0	0.0	0.536342863732	127.0	0.0	0.0	0.0	0.377952755906	0.0	0.0	1.0	0.0	0.0	1.0	0.0	0.0	0.354330708661	0.0	1.0	0.858267716535	0.00787401574803	0.0	0.314960629921	0.0	0.0	1.0	0.0
RnaseA	121.0	83.0	7.0	0.834700133495	121.0	0.0	0.0	121.0	0.0	0.0	46.0	6.0	0.685922354834	85.0	0.0	0.631314180411	31.0	4.0	0.663699355124	94.0	16.0	0.787996031746	1.0	0.685950413223	0.0578512396694	0.0	1.0	0.0	0.0	1.0	0.0	1.0	0.380165289256	0.0495867768595	0.0	0.702479338843	0.0	1.0	0.256198347107	0.0330578512397	1.0	0.776859504132	0.132231404959
S1	75.0	75.0	0.0	0.0	75.0	0.0	0.0	52.0	0.0	0.379781028877	75.0	0.0	0.0	75.0	0.0	0.0	75.0	0.0	0.0	75.0	0.0	0.0	0.0	1.0	0.0	0.0	1.0	0.0	0.0	0.693333333333	0.0	0.0	1.0	0.0	0.0	1.0	0.0	0.0	1.0	0.0	0.0	1.0	0.0
S4	48.0	48.0	0.0	0.0	48.0	0.0	0.0	9.0	24.0	0.772267193865	48.0	0.0	0.0	48.0	0.0	0.0	48.0	0.0	0.0	48.0	0.0	0.0	0.0	1.0	0.0	0.0	1.0	0.0	1.0	0.1875	0.5	0.0	1.0	0.0	0.0	1.0	0.0	0.0	1.0	0.0	0.0	1.0	0.0
SAM_2	66.0	66.0	0.0	0.0	66.0	0.0	0.0	66.0	0.0	0.0	66.0	0.0	0.0	55.0	0.0	0.541666666667	66.0	0.0	0.0	66.0	0.0	0.0	0.0	1.0	0.0	0.0	1.0	0.0	0.0	1.0	0.0	0.0	1.0	0.0	0.0	0.833333333333	0.0	0.0	1.0	0.0	0.0	1.0	0.0
SBP_bac_3	225.0	124.0	5.0	0.593183601358	225.0	0.0	0.0	225.0	0.0	0.0	98.0	5.0	0.605843351326	184.0	0.0	0.301528881957	69.0	5.0	0.631338401861	225.0	0.0	0.0	1.0	0.551111111111	0.0222222222222	0.0	1.0	0.0	0.0	1.0	0.0	1.0	0.435555555556	0.0222222222222	0.0	0.817777777778	0.0	1.0	0.306666666667	0.0222222222222	0.0	1.0	0.0
SET	169.0	162.0	0.0	0.294743450993	103.0	0.0	0.36793340452	169.0	0.0	0.0	75.0	5.0	0.667675108405	91.0	0.0	0.662053440102	61.0	4.0	0.663409052399	169.0	0.0	0.0	0.0	0.958579881657	0.0	0.0	0.609467455621	0.0	0.0	1.0	0.0	1.0	0.443786982249	0.0295857988166	0.0	0.538461538462	0.0	1.0	0.360946745562	0.0236686390533	0.0	1.0	0.0
SH2	77.0	77.0	0.0	0.0	25.0	11.0	0.780124277025	77.0	0.0	0.0	61.0	14.0	1.0	67.0	4.0	0.760796387521	43.0	8.0	0.55428811383	77.0	0.0	0.0	0.0	1.0	0.0	1.0	0.324675324675	0.142857142857	0.0	1.0	0.0	1.0	0.792207792208	0.181818181818	1.0	0.87012987013	0.0519480519481	1.0	0.558441558442	0.103896103896	0.0	1.0	0.0
SH3_1	48.0	48.0	0.0	0.0	11.0	8.0	0.868462937135	48.0	0.0	0.0	40.0	0.0	0.388833333333	39.0	0.0	0.411912393162	38.0	0.0	0.323111111111	48.0	0.0	0.0	0.0	1.0	0.0	1.0	0.229166666667	0.166666666667	0.0	1.0	0.0	0.0	0.833333333333	0.0	0.0	0.8125	0.0	0.0	0.791666666667	0.0	0.0	1.0	0.0
SH3_9	49.0	49.0	0.0	0.0	10.0	13.0	0.948855907691	49.0	0.0	0.0	41.0	0.0	0.38202020202	39.0	0.0	0.398214285714	39.0	0.0	0.316767676768	49.0	0.0	0.0	0.0	1.0	0.0	1.0	0.204081632653	0.265306122449	0.0	1.0	0.0	0.0	0.836734693878	0.0	0.0	0.795918367347	0.0	0.0	0.795918367347	0.0	0.0	1.0	0.0
SNF	523.0	452.0	1.0	0.491561580487	523.0	0.0	0.0	523.0	0.0	0.0	415.0	1.0	0.674330068225	511.0	4.0	0.962564677189	397.0	2.0	0.710398142149	523.0	0.0	0.0	1.0	0.864244741874	0.0019120458891	0.0	1.0	0.0	0.0	1.0	0.0	1.0	0.793499043977	0.0019120458891	1.0	0.977055449331	0.00764818355641	1.0	0.759082217973	0.0038240917782	0.0	1.0	0.0
SPRY	120.0	120.0	0.0	0.0	102.0	3.0	0.809813561143	120.0	0.0	0.0	120.0	0.0	0.0	120.0	0.0	0.0	120.0	0.0	0.0	120.0	0.0	0.0	0.0	1.0	0.0	1.0	0.85	0.025	0.0	1.0	0.0	0.0	1.0	0.0	0.0	1.0	0.0	0.0	1.0	0.0	0.0	1.0	0.0
START	209.0	209.0	0.0	0.0	209.0	0.0	0.0	209.0	0.0	0.0	209.0	0.0	0.0	209.0	0.0	0.0	176.0	15.0	0.804815529815	209.0	0.0	0.0	0.0	1.0	0.0	0.0	1.0	0.0	0.0	1.0	0.0	0.0	1.0	0.0	0.0	1.0	0.0	1.0	0.842105263158	0.0717703349282	0.0	1.0	0.0
Sec7	185.0	184.0	0.0	0.0	184.0	0.0	0.0	184.0	0.0	0.0	184.0	0.0	0.0	184.0	0.0	0.0	175.0	0.0	0.36731016731	184.0	0.0	0.0	0.0	0.994594594595	0.0	0.0	0.994594594595	0.0	0.0	0.994594594595	0.0	0.0	0.994594594595	0.0	0.0	0.994594594595	0.0	0.0	0.945945945946	0.0	0.0	0.994594594595	0.0
Serpin	370.0	322.0	0.0	0.306862161112	246.0	0.0	0.370072362426	370.0	0.0	0.0	290.0	0.0	0.278950728938	329.0	0.0	0.112083128705	278.0	0.0	0.268326063281	370.0	0.0	0.0	0.0	0.87027027027	0.0	0.0	0.664864864865	0.0	0.0	1.0	0.0	0.0	0.783783783784	0.0	0.0	0.889189189189	0.0	0.0	0.751351351351	0.0	0.0	1.0	0.0
Serum_albumin	176.0	86.0	0.0	0.408785163829	176.0	0.0	0.0	176.0	0.0	0.0	43.0	0.0	0.364597925328	132.0	0.0	0.203463377961	27.0	0.0	0.322576729452	176.0	0.0	0.0	0.0	0.488636363636	0.0	0.0	1.0	0.0	0.0	1.0	0.0	0.0	0.244318181818	0.0	0.0	0.75	0.0	0.0	0.153409090909	0.0	0.0	1.0	0.0
Somatomedin_B	41.0	41.0	0.0	0.0	41.0	0.0	0.0	41.0	0.0	0.0	41.0	0.0	0.0	41.0	0.0	0.0	36.0	3.0	0.608130081301	41.0	0.0	0.0	0.0	1.0	0.0	0.0	1.0	0.0	0.0	1.0	0.0	0.0	1.0	0.0	0.0	1.0	0.0	1.0	0.878048780488	0.0731707317073	0.0	1.0	0.0
Spin-Ssty	50.0	50.0	0.0	0.0	33.0	4.0	0.471611111111	50.0	0.0	0.0	50.0	0.0	0.0	50.0	0.0	0.0	50.0	0.0	0.0	50.0	0.0	0.0	0.0	1.0	0.0	1.0	0.66	0.08	0.0	1.0	0.0	0.0	1.0	0.0	0.0	1.0	0.0	0.0	1.0	0.0	0.0	1.0	0.0
Sugar_tr	452.0	452.0	0.0	0.0	452.0	0.0	0.0	452.0	0.0	0.0	429.0	15.0	0.768253968253	452.0	0.0	0.0	429.0	15.0	0.778103125308	452.0	0.0	0.0	0.0	1.0	0.0	0.0	1.0	0.0	0.0	1.0	0.0	1.0	0.949115044248	0.033185840708	0.0	1.0	0.0	1.0	0.949115044248	0.033185840708	0.0	1.0	0.0
Sulfatase	309.0	290.0	19.0	0.632933145009	309.0	0.0	0.0	309.0	0.0	0.0	279.0	9.0	0.739841886012	265.0	4.0	0.878823225066	268.0	7.0	0.787052869014	309.0	0.0	0.0	1.0	0.938511326861	0.0614886731392	0.0	1.0	0.0	0.0	1.0	0.0	1.0	0.902912621359	0.0291262135922	1.0	0.857605177994	0.0129449838188	1.0	0.867313915858	0.0226537216828	0.0	1.0	0.0
Sushi	56.0	43.0	0.0	0.407207207207	56.0	0.0	0.0	56.0	0.0	0.0	32.0	1.0	0.282714341214	56.0	0.0	0.0	32.0	0.0	0.282714341214	56.0	0.0	0.0	0.0	0.767857142857	0.0	0.0	1.0	0.0	0.0	1.0	0.0	1.0	0.571428571429	0.0178571428571	0.0	1.0	0.0	0.0	0.571428571429	0.0	0.0	1.0	0.0
T-box	183.0	183.0	0.0	0.0	183.0	0.0	0.0	183.0	0.0	0.0	183.0	0.0	0.0	183.0	0.0	0.0	183.0	0.0	0.0	154.0	25.0	1.0	0.0	1.0	0.0	0.0	1.0	0.0	0.0	1.0	0.0	0.0	1.0	0.0	0.0	1.0	0.0	0.0	1.0	0.0	1.0	0.841530054645	0.136612021858
TFIIS_C	39.0	39.0	0.0	0.0	39.0	0.0	0.0	39.0	0.0	0.0	39.0	0.0	0.0	21.0	4.0	0.833796553102	39.0	0.0	0.0	39.0	0.0	0.0	0.0	1.0	0.0	0.0	1.0	0.0	0.0	1.0	0.0	0.0	1.0	0.0	1.0	0.538461538462	0.102564102564	0.0	1.0	0.0	0.0	1.0	0.0
TGF_beta	105.0	105.0	0.0	0.0	105.0	0.0	0.0	105.0	0.0	0.0	105.0	0.0	0.0	105.0	0.0	0.0	105.0	0.0	0.0	105.0	0.0	0.0	0.0	1.0	0.0	0.0	1.0	0.0	0.0	1.0	0.0	0.0	1.0	0.0	0.0	1.0	0.0	0.0	1.0	0.0	0.0	1.0	0.0
THAP	89.0	89.0	0.0	0.0	89.0	0.0	0.0	89.0	0.0	0.0	89.0	0.0	0.0	83.0	6.0	1.0	89.0	0.0	0.0	89.0	0.0	0.0	0.0	1.0	0.0	0.0	1.0	0.0	0.0	1.0	0.0	0.0	1.0	0.0	1.0	0.932584269663	0.0674157303371	0.0	1.0	0.0	0.0	1.0	0.0
TIG	85.0	85.0	0.0	0.0	85.0	0.0	0.0	85.0	0.0	0.0	85.0	0.0	0.0	85.0	0.0	0.0	85.0	0.0	0.0	76.0	4.0	0.514066043084	0.0	1.0	0.0	0.0	1.0	0.0	0.0	1.0	0.0	0.0	1.0	0.0	0.0	1.0	0.0	0.0	1.0	0.0	1.0	0.894117647059	0.0470588235294
TNFR_c6	39.0	39.0	0.0	0.0	39.0	0.0	0.0	39.0	0.0	0.0	39.0	0.0	0.0	31.0	1.0	0.453901980735	39.0	0.0	0.0	39.0	0.0	0.0	0.0	1.0	0.0	0.0	1.0	0.0	0.0	1.0	0.0	0.0	1.0	0.0	1.0	0.794871794872	0.025641025641	0.0	1.0	0.0	0.0	1.0	0.0
TNF	127.0	127.0	0.0	0.0	104.0	0.0	0.598364960019	127.0	0.0	0.0	127.0	0.0	0.0	127.0	0.0	0.0	114.0	0.0	0.257782515991	127.0	0.0	0.0	0.0	1.0	0.0	0.0	0.818897637795	0.0	0.0	1.0	0.0	0.0	1.0	0.0	0.0	1.0	0.0	0.0	0.897637795276	0.0	0.0	1.0	0.0
TPR_10	42.0	42.0	0.0	0.0	30.0	5.0	0.749855667197	42.0	0.0	0.0	42.0	0.0	0.0	42.0	0.0	0.0	42.0	0.0	0.0	42.0	0.0	0.0	0.0	1.0	0.0	1.0	0.714285714286	0.119047619048	0.0	1.0	0.0	0.0	1.0	0.0	0.0	1.0	0.0	0.0	1.0	0.0	0.0	1.0	0.0
TPR_17	34.0	34.0	0.0	0.0	1.0	0.0	0.493869416282	13.0	3.0	0.575649947713	23.0	1.0	0.513929738561	34.0	0.0	0.0	23.0	1.0	0.513929738561	28.0	4.0	0.362585034015	0.0	1.0	0.0	0.0	0.0294117647059	0.0	1.0	0.382352941176	0.0882352941176	1.0	0.676470588235	0.0294117647059	0.0	1.0	0.0	1.0	0.676470588235	0.0294117647059	1.0	0.823529411765	0.117647058824
TPR_1	34.0	34.0	0.0	0.0	0.0	0.0	0.567593084153	14.0	11.0	0.419202956159	34.0	0.0	0.0	28.0	0.0	0.480392156862	34.0	0.0	0.0	27.0	6.0	0.357107843136	0.0	1.0	0.0	0.0	0.0	0.0	1.0	0.411764705882	0.323529411765	0.0	1.0	0.0	0.0	0.823529411765	0.0	0.0	1.0	0.0	1.0	0.794117647059	0.176470588235
TSP_1	49.0	28.0	1.0	0.503983014557	49.0	0.0	0.0	49.0	0.0	0.0	28.0	1.0	0.503983014557	49.0	0.0	0.0	28.0	1.0	0.503983014557	49.0	0.0	0.0	1.0	0.571428571429	0.0204081632653	0.0	1.0	0.0	0.0	1.0	0.0	1.0	0.571428571429	0.0204081632653	0.0	1.0	0.0	1.0	0.571428571429	0.0204081632653	0.0	1.0	0.0
TSP_3	36.0	36.0	0.0	0.0	36.0	0.0	0.0	36.0	0.0	0.0	36.0	0.0	0.0	20.0	9.0	0.834553962775	36.0	0.0	0.0	36.0	0.0	0.0	0.0	1.0	0.0	0.0	1.0	0.0	0.0	1.0	0.0	0.0	1.0	0.0	1.0	0.555555555556	0.25	0.0	1.0	0.0	0.0	1.0	0.0
TTL	295.0	266.0	1.0	0.655076322329	295.0	0.0	0.0	295.0	0.0	0.0	151.0	1.0	0.457018628248	267.0	0.0	0.491011124836	151.0	1.0	0.457018628248	295.0	0.0	0.0	1.0	0.901694915254	0.00338983050847	0.0	1.0	0.0	0.0	1.0	0.0	1.0	0.51186440678	0.00338983050847	0.0	0.905084745763	0.0	1.0	0.51186440678	0.00338983050847	0.0	1.0	0.0
TUDOR	122.0	122.0	0.0	0.0	122.0	0.0	0.0	122.0	0.0	0.0	122.0	0.0	0.0	122.0	0.0	0.0	122.0	0.0	0.0	122.0	0.0	0.0	0.0	1.0	0.0	0.0	1.0	0.0	0.0	1.0	0.0	0.0	1.0	0.0	0.0	1.0	0.0	0.0	1.0	0.0	0.0	1.0	0.0
Thioredoxin_6	184.0	184.0	0.0	0.0	184.0	0.0	0.0	184.0	0.0	0.0	184.0	0.0	0.0	157.0	8.0	1.0	184.0	0.0	0.0	184.0	0.0	0.0	0.0	1.0	0.0	0.0	1.0	0.0	0.0	1.0	0.0	0.0	1.0	0.0	1.0	0.853260869565	0.0434782608696	0.0	1.0	0.0	0.0	1.0	0.0
Transglut_C	106.0	106.0	0.0	0.0	106.0	0.0	0.0	106.0	0.0	0.0	92.0	0.0	0.468068535826	106.0	0.0	0.0	92.0	0.0	0.468068535826	106.0	0.0	0.0	0.0	1.0	0.0	0.0	1.0	0.0	0.0	1.0	0.0	0.0	0.867924528302	0.0	0.0	1.0	0.0	0.0	0.867924528302	0.0	0.0	1.0	0.0
Transglut_core	112.0	112.0	0.0	0.0	90.0	3.0	0.785298434442	112.0	0.0	0.0	112.0	0.0	0.0	100.0	1.0	0.469241796521	112.0	0.0	0.0	112.0	0.0	0.0	0.0	1.0	0.0	1.0	0.803571428571	0.0267857142857	0.0	1.0	0.0	0.0	1.0	0.0	1.0	0.892857142857	0.00892857142857	0.0	1.0	0.0	0.0	1.0	0.0
Trypsin	221.0	157.0	0.0	0.128806740928	11.0	0.0	0.215274879221	221.0	0.0	0.0	51.0	0.0	0.154078263704	94.0	0.0	0.195279001658	26.0	0.0	0.157448362057	175.0	9.0	0.68204004329	0.0	0.710407239819	0.0	0.0	0.0497737556561	0.0	0.0	1.0	0.0	0.0	0.230769230769	0.0	0.0	0.425339366516	0.0	0.0	0.117647058824	0.0	1.0	0.79185520362	0.0407239819005
Trypsin_2	151.0	149.0	0.0	0.66499162479	102.0	0.0	0.431054127341	151.0	0.0	0.0	126.0	1.0	0.347899571456	124.0	0.0	0.195414551057	116.0	3.0	0.409285531208	151.0	0.0	0.0	0.0	0.986754966887	0.0	0.0	0.675496688742	0.0	0.0	1.0	0.0	1.0	0.834437086093	0.00662251655629	0.0	0.82119205298	0.0	1.0	0.76821192053	0.0198675496689	0.0	1.0	0.0
Tubulin	197.0	197.0	0.0	0.0	197.0	0.0	0.0	197.0	0.0	0.0	92.0	7.0	0.866072164866	154.0	0.0	0.292978637388	89.0	7.0	0.871226354258	197.0	0.0	0.0	0.0	1.0	0.0	0.0	1.0	0.0	0.0	1.0	0.0	1.0	0.467005076142	0.0355329949239	0.0	0.781725888325	0.0	1.0	0.451776649746	0.0355329949239	0.0	1.0	0.0
Tubulin_C	125.0	125.0	0.0	0.0	125.0	0.0	0.0	125.0	0.0	0.0	90.0	0.0	0.29049951233	125.0	0.0	0.0	58.0	0.0	0.230516719263	125.0	0.0	0.0	0.0	1.0	0.0	0.0	1.0	0.0	0.0	1.0	0.0	0.0	0.72	0.0	0.0	1.0	0.0	0.0	0.464	0.0	0.0	1.0	0.0
UCH	257.0	257.0	0.0	0.0	257.0	0.0	0.0	257.0	0.0	0.0	257.0	0.0	0.0	201.0	0.0	0.211269028125	248.0	3.0	0.624077140937	257.0	0.0	0.0	0.0	1.0	0.0	0.0	1.0	0.0	0.0	1.0	0.0	0.0	1.0	0.0	0.0	0.782101167315	0.0	1.0	0.964980544747	0.011673151751	0.0	1.0	0.0
UCH_1	295.0	295.0	0.0	0.0	295.0	0.0	0.0	295.0	0.0	0.0	295.0	0.0	0.0	189.0	0.0	0.368085067016	284.0	3.0	0.611581453634	295.0	0.0	0.0	0.0	1.0	0.0	0.0	1.0	0.0	0.0	1.0	0.0	0.0	1.0	0.0	0.0	0.640677966102	0.0	1.0	0.962711864407	0.0101694915254	0.0	1.0	0.0
UDPGT	499.0	457.0	1.0	1.0	499.0	0.0	0.0	499.0	0.0	0.0	437.0	1.0	0.84168111213	499.0	0.0	0.0	436.0	1.0	0.719762669521	499.0	0.0	0.0	1.0	0.915831663327	0.00200400801603	0.0	1.0	0.0	0.0	1.0	0.0	1.0	0.875751503006	0.00200400801603	0.0	1.0	0.0	1.0	0.87374749499	0.00200400801603	0.0	1.0	0.0
UPAR_LY6	77.0	65.0	0.0	0.220897732344	77.0	0.0	0.0	77.0	0.0	0.0	65.0	0.0	0.220897732344	77.0	0.0	0.0	65.0	0.0	0.220897732344	77.0	0.0	0.0	0.0	0.844155844156	0.0	0.0	1.0	0.0	0.0	1.0	0.0	0.0	0.844155844156	0.0	0.0	1.0	0.0	0.0	0.844155844156	0.0	0.0	1.0	0.0
UQ_con	140.0	140.0	0.0	0.0	122.0	7.0	0.711464968153	140.0	0.0	0.0	140.0	0.0	0.0	140.0	0.0	0.0	117.0	0.0	0.324301650331	140.0	0.0	0.0	0.0	1.0	0.0	1.0	0.871428571429	0.05	0.0	1.0	0.0	0.0	1.0	0.0	0.0	1.0	0.0	0.0	0.835714285714	0.0	0.0	1.0	0.0
VPS9	104.0	104.0	0.0	0.0	104.0	0.0	0.0	104.0	0.0	0.0	104.0	0.0	0.0	104.0	0.0	0.0	104.0	0.0	0.0	104.0	0.0	0.0	0.0	1.0	0.0	0.0	1.0	0.0	0.0	1.0	0.0	0.0	1.0	0.0	0.0	1.0	0.0	0.0	1.0	0.0	0.0	1.0	0.0
VWA	175.0	175.0	0.0	0.0	163.0	12.0	1.0	175.0	0.0	0.0	157.0	0.0	0.454183919945	141.0	0.0	0.862762742571	155.0	2.0	0.482244024092	175.0	0.0	0.0	0.0	1.0	0.0	1.0	0.931428571429	0.0685714285714	0.0	1.0	0.0	0.0	0.897142857143	0.0	0.0	0.805714285714	0.0	1.0	0.885714285714	0.0114285714286	0.0	1.0	0.0
VWA_2	107.0	107.0	0.0	0.0	107.0	0.0	0.0	107.0	0.0	0.0	96.0	0.0	0.362344937975	86.0	1.0	0.84959370434	95.0	0.0	0.300660264106	107.0	0.0	0.0	0.0	1.0	0.0	0.0	1.0	0.0	0.0	1.0	0.0	0.0	0.897196261682	0.0	1.0	0.803738317757	0.00934579439252	0.0	0.88785046729	0.0	0.0	1.0	0.0
WD40	38.0	38.0	0.0	0.0	0.0	0.0	0.438165368728	14.0	0.0	0.161238146275	21.0	0.0	0.254338097632	27.0	2.0	0.158415378751	5.0	0.0	0.254122541296	30.0	0.0	0.40089840828	0.0	1.0	0.0	0.0	0.0	0.0	0.0	0.368421052632	0.0	0.0	0.552631578947	0.0	1.0	0.710526315789	0.0526315789474	0.0	0.131578947368	0.0	0.0	0.789473684211	0.0
WH1	111.0	111.0	0.0	0.0	88.0	5.0	0.800200200201	111.0	0.0	0.0	111.0	0.0	0.0	111.0	0.0	0.0	101.0	9.0	1.0	111.0	0.0	0.0	0.0	1.0	0.0	1.0	0.792792792793	0.045045045045	0.0	1.0	0.0	0.0	1.0	0.0	0.0	1.0	0.0	1.0	0.90990990991	0.0810810810811	0.0	1.0	0.0
WW	31.0	31.0	0.0	0.0	12.0	11.0	0.85930402282	31.0	0.0	0.0	23.0	5.0	0.61827956989	31.0	0.0	0.0	23.0	6.0	0.670430107525	31.0	0.0	0.0	0.0	1.0	0.0	1.0	0.387096774194	0.354838709677	0.0	1.0	0.0	1.0	0.741935483871	0.161290322581	0.0	1.0	0.0	1.0	0.741935483871	0.193548387097	0.0	1.0	0.0
Y_phosphatase	235.0	221.0	10.0	0.719803921568	169.0	10.0	0.774940171993	235.0	0.0	0.0	158.0	13.0	0.710771922242	195.0	0.0	0.529102425906	122.0	12.0	0.543810384092	235.0	0.0	0.0	1.0	0.940425531915	0.0425531914894	1.0	0.71914893617	0.0425531914894	0.0	1.0	0.0	1.0	0.672340425532	0.0553191489362	0.0	0.829787234043	0.0	1.0	0.51914893617	0.0510638297872	0.0	1.0	0.0
ZZ	45.0	45.0	0.0	0.0	45.0	0.0	0.0	45.0	0.0	0.0	45.0	0.0	0.0	35.0	9.0	1.0	45.0	0.0	0.0	45.0	0.0	0.0	0.0	1.0	0.0	0.0	1.0	0.0	0.0	1.0	0.0	0.0	1.0	0.0	1.0	0.777777777778	0.2	0.0	1.0	0.0	0.0	1.0	0.0
adh_short_C2	234.0	53.0	21.0	0.814405330339	234.0	0.0	0.0	234.0	0.0	0.0	46.0	22.0	0.808873678817	177.0	0.0	0.202780207422	37.0	18.0	0.783168704265	234.0	0.0	0.0	1.0	0.226495726496	0.0897435897436	0.0	1.0	0.0	0.0	1.0	0.0	1.0	0.196581196581	0.0940170940171	0.0	0.75641025641	0.0	1.0	0.15811965812	0.0769230769231	0.0	1.0	0.0
bZIP_1	64.0	64.0	0.0	0.0	64.0	0.0	0.0	64.0	0.0	0.0	64.0	0.0	0.0	64.0	0.0	0.0	64.0	0.0	0.0	49.0	14.0	1.0	0.0	1.0	0.0	0.0	1.0	0.0	0.0	1.0	0.0	0.0	1.0	0.0	0.0	1.0	0.0	0.0	1.0	0.0	1.0	0.765625	0.21875
cNMP_binding	88.0	36.0	10.0	0.798800215513	88.0	0.0	0.0	88.0	0.0	0.0	31.0	10.0	0.809243460665	72.0	0.0	0.315430402931	24.0	8.0	0.796276120921	80.0	2.0	0.694723989461	1.0	0.409090909091	0.113636363636	0.0	1.0	0.0	0.0	1.0	0.0	1.0	0.352272727273	0.113636363636	0.0	0.818181818182	0.0	1.0	0.272727272727	0.0909090909091	1.0	0.909090909091	0.0227272727273
dsrm	67.0	67.0	0.0	0.0	67.0	0.0	0.0	29.0	14.0	0.688126360192	67.0	0.0	0.0	67.0	0.0	0.0	67.0	0.0	0.0	67.0	0.0	0.0	0.0	1.0	0.0	0.0	1.0	0.0	1.0	0.432835820896	0.208955223881	0.0	1.0	0.0	0.0	1.0	0.0	0.0	1.0	0.0	0.0	1.0	0.0
fn1	40.0	40.0	0.0	0.0	21.0	1.0	0.587138395435	40.0	0.0	0.0	40.0	0.0	0.0	40.0	0.0	0.0	40.0	0.0	0.0	40.0	0.0	0.0	0.0	1.0	0.0	1.0	0.525	0.025	0.0	1.0	0.0	0.0	1.0	0.0	0.0	1.0	0.0	0.0	1.0	0.0	0.0	1.0	0.0
fn3	85.0	85.0	0.0	0.0	60.0	5.0	0.376293026574	85.0	0.0	0.0	85.0	0.0	0.0	74.0	0.0	0.270775462963	85.0	0.0	0.0	85.0	0.0	0.0	0.0	1.0	0.0	1.0	0.705882352941	0.0588235294118	0.0	1.0	0.0	0.0	1.0	0.0	0.0	0.870588235294	0.0	0.0	1.0	0.0	0.0	1.0	0.0
hEGF	22.0	13.0	2.0	0.524819286015	22.0	0.0	0.0	22.0	0.0	0.0	13.0	2.0	0.518224275193	9.0	0.0	0.670053162545	13.0	2.0	0.518224275193	22.0	0.0	0.0	1.0	0.590909090909	0.0909090909091	0.0	1.0	0.0	0.0	1.0	0.0	1.0	0.590909090909	0.0909090909091	0.0	0.409090909091	0.0	1.0	0.590909090909	0.0909090909091	0.0	1.0	0.0
p450	463.0	263.0	0.0	0.25256673589	463.0	0.0	0.0	463.0	0.0	0.0	104.0	7.0	0.696412468758	381.0	0.0	0.16122743646	94.0	7.0	0.699883523802	463.0	0.0	0.0	0.0	0.568034557235	0.0	0.0	1.0	0.0	0.0	1.0	0.0	1.0	0.224622030238	0.0151187904968	0.0	0.822894168467	0.0	1.0	0.203023758099	0.0151187904968	0.0	1.0	0.0
tRNA-synt_1	602.0	562.0	2.0	0.664610152898	602.0	0.0	0.0	461.0	7.0	0.429989646329	529.0	4.0	0.568768221048	577.0	1.0	0.77797907923	518.0	2.0	0.552278835881	602.0	0.0	0.0	1.0	0.933554817276	0.00332225913621	0.0	1.0	0.0	1.0	0.765780730897	0.0116279069767	1.0	0.878737541528	0.00664451827243	1.0	0.958471760797	0.00166112956811	1.0	0.860465116279	0.00332225913621	0.0	1.0	0.0
ubiquitin	72.0	72.0	0.0	0.0	39.0	2.0	0.456400130466	72.0	0.0	0.0	72.0	0.0	0.0	56.0	0.0	0.32033957034	66.0	0.0	0.420138888889	72.0	0.0	0.0	0.0	1.0	0.0	1.0	0.541666666667	0.0277777777778	0.0	1.0	0.0	0.0	1.0	0.0	0.0	0.777777777778	0.0	0.0	0.916666666667	0.0	0.0	1.0	0.0
zf-A20	24.0	24.0	0.0	0.0	24.0	0.0	0.0	24.0	0.0	0.0	24.0	0.0	0.0	19.0	5.0	0.999999999999	24.0	0.0	0.0	24.0	0.0	0.0	0.0	1.0	0.0	0.0	1.0	0.0	0.0	1.0	0.0	0.0	1.0	0.0	1.0	0.791666666667	0.208333333333	0.0	1.0	0.0	0.0	1.0	0.0
zf-AN1	40.0	40.0	0.0	0.0	40.0	0.0	0.0	40.0	0.0	0.0	40.0	0.0	0.0	32.0	8.0	1.0	40.0	0.0	0.0	40.0	0.0	0.0	0.0	1.0	0.0	0.0	1.0	0.0	0.0	1.0	0.0	0.0	1.0	0.0	1.0	0.8	0.2	0.0	1.0	0.0	0.0	1.0	0.0
zf-B_box	42.0	42.0	0.0	0.0	42.0	0.0	0.0	42.0	0.0	0.0	42.0	0.0	0.0	32.0	8.0	1.0	42.0	0.0	0.0	42.0	0.0	0.0	0.0	1.0	0.0	0.0	1.0	0.0	0.0	1.0	0.0	0.0	1.0	0.0	1.0	0.761904761905	0.190476190476	0.0	1.0	0.0	0.0	1.0	0.0
zf-C2H2_4	24.0	24.0	0.0	0.0	24.0	0.0	0.0	24.0	0.0	0.0	24.0	0.0	0.0	9.0	4.0	0.970711375638	24.0	0.0	0.0	2.0	11.0	0.658214810469	0.0	1.0	0.0	0.0	1.0	0.0	0.0	1.0	0.0	0.0	1.0	0.0	1.0	0.375	0.166666666667	0.0	1.0	0.0	1.0	0.0833333333333	0.458333333333
zf-C2HC	29.0	29.0	0.0	0.0	29.0	0.0	0.0	29.0	0.0	0.0	29.0	0.0	0.0	24.0	0.0	0.999999999999	29.0	0.0	0.0	29.0	0.0	0.0	0.0	1.0	0.0	0.0	1.0	0.0	0.0	1.0	0.0	0.0	1.0	0.0	0.0	0.827586206897	0.0	0.0	1.0	0.0	0.0	1.0	0.0
zf-C4	70.0	70.0	0.0	0.0	70.0	0.0	0.0	70.0	0.0	0.0	70.0	0.0	0.0	45.0	9.0	1.0	70.0	0.0	0.0	37.0	19.0	0.991462063146	0.0	1.0	0.0	0.0	1.0	0.0	0.0	1.0	0.0	0.0	1.0	0.0	1.0	0.642857142857	0.128571428571	0.0	1.0	0.0	1.0	0.528571428571	0.271428571429
zf-CCCH	27.0	27.0	0.0	0.0	27.0	0.0	0.0	11.0	13.0	0.627743764173	27.0	0.0	0.0	14.0	4.0	0.946358602426	27.0	0.0	0.0	27.0	0.0	0.0	0.0	1.0	0.0	0.0	1.0	0.0	1.0	0.407407407407	0.481481481481	0.0	1.0	0.0	1.0	0.518518518519	0.148148148148	0.0	1.0	0.0	0.0	1.0	0.0
zf-CCHC	18.0	18.0	0.0	0.0	18.0	0.0	0.0	2.0	11.0	0.772092211894	18.0	0.0	0.0	6.0	5.0	0.874927520847	18.0	0.0	0.0	10.0	7.0	1.0	0.0	1.0	0.0	0.0	1.0	0.0	1.0	0.111111111111	0.611111111111	0.0	1.0	0.0	1.0	0.333333333333	0.277777777778	0.0	1.0	0.0	1.0	0.555555555556	0.388888888889
zf-CXXC	48.0	48.0	0.0	0.0	48.0	0.0	0.0	48.0	0.0	0.0	48.0	0.0	0.0	33.0	8.0	0.913972181723	48.0	0.0	0.0	29.0	17.0	1.0	0.0	1.0	0.0	0.0	1.0	0.0	0.0	1.0	0.0	0.0	1.0	0.0	1.0	0.6875	0.166666666667	0.0	1.0	0.0	1.0	0.604166666667	0.354166666667
zf-H2C2_2	26.0	26.0	0.0	0.0	26.0	0.0	0.0	26.0	0.0	0.0	26.0	0.0	0.0	9.0	4.0	0.976231639546	26.0	0.0	0.0	3.0	10.0	0.809296852745	0.0	1.0	0.0	0.0	1.0	0.0	0.0	1.0	0.0	0.0	1.0	0.0	1.0	0.346153846154	0.153846153846	0.0	1.0	0.0	1.0	0.115384615385	0.384615384615
zf-H2C2_5	26.0	26.0	0.0	0.0	26.0	0.0	0.0	26.0	0.0	0.0	26.0	0.0	0.0	17.0	4.0	1.0	26.0	0.0	0.0	9.0	15.0	0.864703978842	0.0	1.0	0.0	0.0	1.0	0.0	0.0	1.0	0.0	0.0	1.0	0.0	1.0	0.653846153846	0.153846153846	0.0	1.0	0.0	1.0	0.346153846154	0.576923076923
zf-MYND	38.0	38.0	0.0	0.0	38.0	0.0	0.0	38.0	0.0	0.0	38.0	0.0	0.0	30.0	8.0	1.0	38.0	0.0	0.0	38.0	0.0	0.0	0.0	1.0	0.0	0.0	1.0	0.0	0.0	1.0	0.0	0.0	1.0	0.0	1.0	0.789473684211	0.210526315789	0.0	1.0	0.0	0.0	1.0	0.0
zf-UBP	64.0	64.0	0.0	0.0	64.0	0.0	0.0	64.0	0.0	0.0	64.0	0.0	0.0	41.0	10.0	0.764826344203	64.0	0.0	0.0	64.0	0.0	0.0	0.0	1.0	0.0	0.0	1.0	0.0	0.0	1.0	0.0	0.0	1.0	0.0	1.0	0.640625	0.15625	0.0	1.0	0.0	0.0	1.0	0.0
