	#TargetID	Hugo_symbol	pfam_id	domain_name	E-value	BitScore	TargetStart	TargetEnd	HMM_Seq	Target_Seq	HMM_Pos	prot_id	ensembl_id	transcript_id	chromosome_id	chrom_num	length	refseq	hmm_start	hmm_end
0	PUM1.001	PUM1	PF00806	PUF	1.4e-08	29.4	1064	1098	sikgnlvqLstdqyGnyvvQkllehateeqkklil	EIRGNVLVLSQHKFASNVVEKCVTHASRTERAVLI	1,2,3,4,5,6,7,8,9,10,11,12,13,14,15,16,17,18,19,20,21,22,23,24,25,26,27,28,29,30,31,32,33,34,35	ENSP00000257075	ENSG00000134644	ENST00000257075	GRCh37.75:1:complement(join(31532051..31532413,31501643..31501711,31479841..31479949,31478700..31478878,31467901..31468067,31465237..31465507,31454159..31454252,31452909..31453010,31447498..31447649,31441201..31441339,31440014..31440157,31438829..31439125,31437521..31437757,31426561..31426828,31425081..31425210,31422980..31423108,31418193..31418330,31414845..31414970,31413998..31414119,31409490..31409682,31406058..31406189))	1	1186	NP_055491 	1	35
1	PUM1.001	PUM1	PF00806	PUF	1.4e-11	39.3	992	1026	sikgnlvqLstdqyGnyvvQkllehateeqkklil	AFKGQVFALSTHPYGCRVIQRILEHCLPDQTLPIL	1,2,3,4,5,6,7,8,9,10,11,12,13,14,15,16,17,18,19,20,21,22,23,24,25,26,27,28,29,30,31,32,33,34,35	ENSP00000257075	ENSG00000134644	ENST00000257075	GRCh37.75:1:complement(join(31532051..31532413,31501643..31501711,31479841..31479949,31478700..31478878,31467901..31468067,31465237..31465507,31454159..31454252,31452909..31453010,31447498..31447649,31441201..31441339,31440014..31440157,31438829..31439125,31437521..31437757,31426561..31426828,31425081..31425210,31422980..31423108,31418193..31418330,31414845..31414970,31413998..31414119,31409490..31409682,31406058..31406189))	1	1186	NP_055491 	1	35
2	PUM1.001	PUM1	PF00806	PUF	1.4e-11	39.4	956	990	sikgnlvqLstdqyGnyvvQkllehateeqkklil	ELDGHVLKCVKDQNGNHVVQKCIECVQPQSLQFII	1,2,3,4,5,6,7,8,9,10,11,12,13,14,15,16,17,18,19,20,21,22,23,24,25,26,27,28,29,30,31,32,33,34,35	ENSP00000257075	ENSG00000134644	ENST00000257075	GRCh37.75:1:complement(join(31532051..31532413,31501643..31501711,31479841..31479949,31478700..31478878,31467901..31468067,31465237..31465507,31454159..31454252,31452909..31453010,31447498..31447649,31441201..31441339,31440014..31440157,31438829..31439125,31437521..31437757,31426561..31426828,31425081..31425210,31422980..31423108,31418193..31418330,31414845..31414970,31413998..31414119,31409490..31409682,31406058..31406189))	1	1186	NP_055491 	1	35
3	PUM1.001	PUM1	PF00806	PUF	2.7e-09	31.8	920	954	sikgnlvqLstdqyGnyvvQkllehateeqkklil	RIRGHVLSLALQMYGCRVIQKALEFIPSDQQNEMV	1,2,3,4,5,6,7,8,9,10,11,12,13,14,15,16,17,18,19,20,21,22,23,24,25,26,27,28,29,30,31,32,33,34,35	ENSP00000257075	ENSG00000134644	ENST00000257075	GRCh37.75:1:complement(join(31532051..31532413,31501643..31501711,31479841..31479949,31478700..31478878,31467901..31468067,31465237..31465507,31454159..31454252,31452909..31453010,31447498..31447649,31441201..31441339,31440014..31440157,31438829..31439125,31437521..31437757,31426561..31426828,31425081..31425210,31422980..31423108,31418193..31418330,31414845..31414970,31413998..31414119,31409490..31409682,31406058..31406189))	1	1186	NP_055491 	1	35
4	PUM1.001	PUM1	PF00806	PUF	4.8e-09	31.0	1107	1141	sikgnlvqLstdqyGnyvvQkllehateeqkklil	GPHSALYTMMKDQYANYVVQKMIDVAEPGQRKIVM	1,2,3,4,5,6,7,8,9,10,11,12,13,14,15,16,17,18,19,20,21,22,23,24,25,26,27,28,29,30,31,32,33,34,35	ENSP00000257075	ENSG00000134644	ENST00000257075	GRCh37.75:1:complement(join(31532051..31532413,31501643..31501711,31479841..31479949,31478700..31478878,31467901..31468067,31465237..31465507,31454159..31454252,31452909..31453010,31447498..31447649,31441201..31441339,31440014..31440157,31438829..31439125,31437521..31437757,31426561..31426828,31425081..31425210,31422980..31423108,31418193..31418330,31414845..31414970,31413998..31414119,31409490..31409682,31406058..31406189))	1	1186	NP_055491 	1	35
5	PUM1.001	PUM1	PF00806	PUF	7.2e-09	30.4	884	918	sikgnlvqLstdqyGnyvvQkllehateeqkklil	EILQAAYQLMVDVFGNYVIQKFFEFGSLEQKLALA	1,2,3,4,5,6,7,8,9,10,11,12,13,14,15,16,17,18,19,20,21,22,23,24,25,26,27,28,29,30,31,32,33,34,35	ENSP00000257075	ENSG00000134644	ENST00000257075	GRCh37.75:1:complement(join(31532051..31532413,31501643..31501711,31479841..31479949,31478700..31478878,31467901..31468067,31465237..31465507,31454159..31454252,31452909..31453010,31447498..31447649,31441201..31441339,31440014..31440157,31438829..31439125,31437521..31437757,31426561..31426828,31425081..31425210,31422980..31423108,31418193..31418330,31414845..31414970,31413998..31414119,31409490..31409682,31406058..31406189))	1	1186	NP_055491 	1	35
6	PUM1.001	PUM1	PF00806	PUF	7.7e-10	33.6	848	882	sikgnlvqLstdqyGnyvvQkllehateeqkklil	EIAGHIMEFSQDQHGSRFIQLKLERATPAERQLVF	1,2,3,4,5,6,7,8,9,10,11,12,13,14,15,16,17,18,19,20,21,22,23,24,25,26,27,28,29,30,31,32,33,34,35	ENSP00000257075	ENSG00000134644	ENST00000257075	GRCh37.75:1:complement(join(31532051..31532413,31501643..31501711,31479841..31479949,31478700..31478878,31467901..31468067,31465237..31465507,31454159..31454252,31452909..31453010,31447498..31447649,31441201..31441339,31440014..31440157,31438829..31439125,31437521..31437757,31426561..31426828,31425081..31425210,31422980..31423108,31418193..31418330,31414845..31414970,31413998..31414119,31409490..31409682,31406058..31406189))	1	1186	NP_055491 	1	35
7	PUM1.001	PUM1	PF00806	PUF	8e-13	43.5	1028	1062	sikgnlvqLstdqyGnyvvQkllehateeqkklil	ELHQHTEQLVQDQYGNYVIQHVLEHGRPEDKSKIV	1,2,3,4,5,6,7,8,9,10,11,12,13,14,15,16,17,18,19,20,21,22,23,24,25,26,27,28,29,30,31,32,33,34,35	ENSP00000257075	ENSG00000134644	ENST00000257075	GRCh37.75:1:complement(join(31532051..31532413,31501643..31501711,31479841..31479949,31478700..31478878,31467901..31468067,31465237..31465507,31454159..31454252,31452909..31453010,31447498..31447649,31441201..31441339,31440014..31440157,31438829..31439125,31437521..31437757,31426561..31426828,31425081..31425210,31422980..31423108,31418193..31418330,31414845..31414970,31413998..31414119,31409490..31409682,31406058..31406189))	1	1186	NP_055491 	1	35
8	PUM1.002	PUM1	PF00806	PUF	1.4e-08	29.4	1102	1136	sikgnlvqLstdqyGnyvvQkllehateeqkklil	EIRGNVLVLSQHKFASNVVEKCVTHASRTERAVLI	1,2,3,4,5,6,7,8,9,10,11,12,13,14,15,16,17,18,19,20,21,22,23,24,25,26,27,28,29,30,31,32,33,34,35	ENSP00000362846	ENSG00000134644	ENST00000373741	GRCh37.75:1:complement(join(31538536..31538632,31532051..31532424,31501643..31501711,31479841..31479949,31478700..31478878,31467901..31468067,31465237..31465507,31454159..31454252,31452909..31453010,31447498..31447649,31441201..31441339,31440014..31440157,31438829..31439125,31437521..31437757,31426561..31426828,31425081..31425210,31422974..31423108,31418193..31418330,31414845..31414970,31413998..31414119,31409490..31409682,31406058..31406189))	1	1224		1	35
9	PUM1.002	PUM1	PF00806	PUF	1.4e-11	39.3	1030	1064	sikgnlvqLstdqyGnyvvQkllehateeqkklil	AFKGQVFALSTHPYGCRVIQRILEHCLPDQTLPIL	1,2,3,4,5,6,7,8,9,10,11,12,13,14,15,16,17,18,19,20,21,22,23,24,25,26,27,28,29,30,31,32,33,34,35	ENSP00000362846	ENSG00000134644	ENST00000373741	GRCh37.75:1:complement(join(31538536..31538632,31532051..31532424,31501643..31501711,31479841..31479949,31478700..31478878,31467901..31468067,31465237..31465507,31454159..31454252,31452909..31453010,31447498..31447649,31441201..31441339,31440014..31440157,31438829..31439125,31437521..31437757,31426561..31426828,31425081..31425210,31422974..31423108,31418193..31418330,31414845..31414970,31413998..31414119,31409490..31409682,31406058..31406189))	1	1224		1	35
10	PUM1.002	PUM1	PF00806	PUF	1.4e-11	39.4	994	1028	sikgnlvqLstdqyGnyvvQkllehateeqkklil	ELDGHVLKCVKDQNGNHVVQKCIECVQPQSLQFII	1,2,3,4,5,6,7,8,9,10,11,12,13,14,15,16,17,18,19,20,21,22,23,24,25,26,27,28,29,30,31,32,33,34,35	ENSP00000362846	ENSG00000134644	ENST00000373741	GRCh37.75:1:complement(join(31538536..31538632,31532051..31532424,31501643..31501711,31479841..31479949,31478700..31478878,31467901..31468067,31465237..31465507,31454159..31454252,31452909..31453010,31447498..31447649,31441201..31441339,31440014..31440157,31438829..31439125,31437521..31437757,31426561..31426828,31425081..31425210,31422974..31423108,31418193..31418330,31414845..31414970,31413998..31414119,31409490..31409682,31406058..31406189))	1	1224		1	35
11	PUM1.002	PUM1	PF00806	PUF	3.8e-07	24.7	956	989	sikgnlvqLstdqyGnyvvQkllehateeqkklil	RIRGHVLSLALQMYGCRVIQKALE-FIPSDQQVIN	1,2,3,4,5,6,7,8,9,10,11,12,13,14,15,16,17,18,19,20,21,22,23,24,25,26,27,28,29,30,31,32,33,34,35	ENSP00000362846	ENSG00000134644	ENST00000373741	GRCh37.75:1:complement(join(31538536..31538632,31532051..31532424,31501643..31501711,31479841..31479949,31478700..31478878,31467901..31468067,31465237..31465507,31454159..31454252,31452909..31453010,31447498..31447649,31441201..31441339,31440014..31440157,31438829..31439125,31437521..31437757,31426561..31426828,31425081..31425210,31422974..31423108,31418193..31418330,31414845..31414970,31413998..31414119,31409490..31409682,31406058..31406189))	1	1224		1	35
12	PUM1.002	PUM1	PF00806	PUF	4.8e-09	31.0	1145	1179	sikgnlvqLstdqyGnyvvQkllehateeqkklil	GPHSALYTMMKDQYANYVVQKMIDVAEPGQRKIVM	1,2,3,4,5,6,7,8,9,10,11,12,13,14,15,16,17,18,19,20,21,22,23,24,25,26,27,28,29,30,31,32,33,34,35	ENSP00000362846	ENSG00000134644	ENST00000373741	GRCh37.75:1:complement(join(31538536..31538632,31532051..31532424,31501643..31501711,31479841..31479949,31478700..31478878,31467901..31468067,31465237..31465507,31454159..31454252,31452909..31453010,31447498..31447649,31441201..31441339,31440014..31440157,31438829..31439125,31437521..31437757,31426561..31426828,31425081..31425210,31422974..31423108,31418193..31418330,31414845..31414970,31413998..31414119,31409490..31409682,31406058..31406189))	1	1224		1	35
13	PUM1.002	PUM1	PF00806	PUF	7.2e-09	30.4	920	954	sikgnlvqLstdqyGnyvvQkllehateeqkklil	EILQAAYQLMVDVFGNYVIQKFFEFGSLEQKLALA	1,2,3,4,5,6,7,8,9,10,11,12,13,14,15,16,17,18,19,20,21,22,23,24,25,26,27,28,29,30,31,32,33,34,35	ENSP00000362846	ENSG00000134644	ENST00000373741	GRCh37.75:1:complement(join(31538536..31538632,31532051..31532424,31501643..31501711,31479841..31479949,31478700..31478878,31467901..31468067,31465237..31465507,31454159..31454252,31452909..31453010,31447498..31447649,31441201..31441339,31440014..31440157,31438829..31439125,31437521..31437757,31426561..31426828,31425081..31425210,31422974..31423108,31418193..31418330,31414845..31414970,31413998..31414119,31409490..31409682,31406058..31406189))	1	1224		1	35
14	PUM1.002	PUM1	PF00806	PUF	7.7e-10	33.6	884	918	sikgnlvqLstdqyGnyvvQkllehateeqkklil	EIAGHIMEFSQDQHGSRFIQLKLERATPAERQLVF	1,2,3,4,5,6,7,8,9,10,11,12,13,14,15,16,17,18,19,20,21,22,23,24,25,26,27,28,29,30,31,32,33,34,35	ENSP00000362846	ENSG00000134644	ENST00000373741	GRCh37.75:1:complement(join(31538536..31538632,31532051..31532424,31501643..31501711,31479841..31479949,31478700..31478878,31467901..31468067,31465237..31465507,31454159..31454252,31452909..31453010,31447498..31447649,31441201..31441339,31440014..31440157,31438829..31439125,31437521..31437757,31426561..31426828,31425081..31425210,31422974..31423108,31418193..31418330,31414845..31414970,31413998..31414119,31409490..31409682,31406058..31406189))	1	1224		1	35
15	PUM1.002	PUM1	PF00806	PUF	8e-13	43.5	1066	1100	sikgnlvqLstdqyGnyvvQkllehateeqkklil	ELHQHTEQLVQDQYGNYVIQHVLEHGRPEDKSKIV	1,2,3,4,5,6,7,8,9,10,11,12,13,14,15,16,17,18,19,20,21,22,23,24,25,26,27,28,29,30,31,32,33,34,35	ENSP00000362846	ENSG00000134644	ENST00000373741	GRCh37.75:1:complement(join(31538536..31538632,31532051..31532424,31501643..31501711,31479841..31479949,31478700..31478878,31467901..31468067,31465237..31465507,31454159..31454252,31452909..31453010,31447498..31447649,31441201..31441339,31440014..31440157,31438829..31439125,31437521..31437757,31426561..31426828,31425081..31425210,31422974..31423108,31418193..31418330,31414845..31414970,31413998..31414119,31409490..31409682,31406058..31406189))	1	1224		1	35
16	PUM1.003	PUM1	PF00806	PUF	1.4e-08	29.4	1005	1039	sikgnlvqLstdqyGnyvvQkllehateeqkklil	EIRGNVLVLSQHKFASNVVEKCVTHASRTERAVLI	1,2,3,4,5,6,7,8,9,10,11,12,13,14,15,16,17,18,19,20,21,22,23,24,25,26,27,28,29,30,31,32,33,34,35	ENSP00000362847	ENSG00000134644	ENST00000373742	GRCh37.75:1:complement(join(31538536..31538632,31532051..31532424,31501643..31501711,31467901..31468067,31465237..31465507,31454159..31454252,31452909..31453013,31447498..31447649,31441201..31441339,31440014..31440157,31438829..31439125,31437521..31437757,31426561..31426828,31425081..31425210,31422980..31423108,31418193..31418330,31414845..31414970,31413998..31414119,31409490..31409682,31406058..31406189))	1	1127		1	35
17	PUM1.003	PUM1	PF00806	PUF	1.4e-11	39.3	933	967	sikgnlvqLstdqyGnyvvQkllehateeqkklil	AFKGQVFALSTHPYGCRVIQRILEHCLPDQTLPIL	1,2,3,4,5,6,7,8,9,10,11,12,13,14,15,16,17,18,19,20,21,22,23,24,25,26,27,28,29,30,31,32,33,34,35	ENSP00000362847	ENSG00000134644	ENST00000373742	GRCh37.75:1:complement(join(31538536..31538632,31532051..31532424,31501643..31501711,31467901..31468067,31465237..31465507,31454159..31454252,31452909..31453013,31447498..31447649,31441201..31441339,31440014..31440157,31438829..31439125,31437521..31437757,31426561..31426828,31425081..31425210,31422980..31423108,31418193..31418330,31414845..31414970,31413998..31414119,31409490..31409682,31406058..31406189))	1	1127		1	35
18	PUM1.003	PUM1	PF00806	PUF	1.4e-11	39.4	897	931	sikgnlvqLstdqyGnyvvQkllehateeqkklil	ELDGHVLKCVKDQNGNHVVQKCIECVQPQSLQFII	1,2,3,4,5,6,7,8,9,10,11,12,13,14,15,16,17,18,19,20,21,22,23,24,25,26,27,28,29,30,31,32,33,34,35	ENSP00000362847	ENSG00000134644	ENST00000373742	GRCh37.75:1:complement(join(31538536..31538632,31532051..31532424,31501643..31501711,31467901..31468067,31465237..31465507,31454159..31454252,31452909..31453013,31447498..31447649,31441201..31441339,31440014..31440157,31438829..31439125,31437521..31437757,31426561..31426828,31425081..31425210,31422980..31423108,31418193..31418330,31414845..31414970,31413998..31414119,31409490..31409682,31406058..31406189))	1	1127		1	35
19	PUM1.003	PUM1	PF00806	PUF	2.7e-09	31.8	861	895	sikgnlvqLstdqyGnyvvQkllehateeqkklil	RIRGHVLSLALQMYGCRVIQKALEFIPSDQQNEMV	1,2,3,4,5,6,7,8,9,10,11,12,13,14,15,16,17,18,19,20,21,22,23,24,25,26,27,28,29,30,31,32,33,34,35	ENSP00000362847	ENSG00000134644	ENST00000373742	GRCh37.75:1:complement(join(31538536..31538632,31532051..31532424,31501643..31501711,31467901..31468067,31465237..31465507,31454159..31454252,31452909..31453013,31447498..31447649,31441201..31441339,31440014..31440157,31438829..31439125,31437521..31437757,31426561..31426828,31425081..31425210,31422980..31423108,31418193..31418330,31414845..31414970,31413998..31414119,31409490..31409682,31406058..31406189))	1	1127		1	35
20	PUM1.003	PUM1	PF00806	PUF	4.8e-09	31.0	1048	1082	sikgnlvqLstdqyGnyvvQkllehateeqkklil	GPHSALYTMMKDQYANYVVQKMIDVAEPGQRKIVM	1,2,3,4,5,6,7,8,9,10,11,12,13,14,15,16,17,18,19,20,21,22,23,24,25,26,27,28,29,30,31,32,33,34,35	ENSP00000362847	ENSG00000134644	ENST00000373742	GRCh37.75:1:complement(join(31538536..31538632,31532051..31532424,31501643..31501711,31467901..31468067,31465237..31465507,31454159..31454252,31452909..31453013,31447498..31447649,31441201..31441339,31440014..31440157,31438829..31439125,31437521..31437757,31426561..31426828,31425081..31425210,31422980..31423108,31418193..31418330,31414845..31414970,31413998..31414119,31409490..31409682,31406058..31406189))	1	1127		1	35
21	PUM1.003	PUM1	PF00806	PUF	7.2e-09	30.4	825	859	sikgnlvqLstdqyGnyvvQkllehateeqkklil	EILQAAYQLMVDVFGNYVIQKFFEFGSLEQKLALA	1,2,3,4,5,6,7,8,9,10,11,12,13,14,15,16,17,18,19,20,21,22,23,24,25,26,27,28,29,30,31,32,33,34,35	ENSP00000362847	ENSG00000134644	ENST00000373742	GRCh37.75:1:complement(join(31538536..31538632,31532051..31532424,31501643..31501711,31467901..31468067,31465237..31465507,31454159..31454252,31452909..31453013,31447498..31447649,31441201..31441339,31440014..31440157,31438829..31439125,31437521..31437757,31426561..31426828,31425081..31425210,31422980..31423108,31418193..31418330,31414845..31414970,31413998..31414119,31409490..31409682,31406058..31406189))	1	1127		1	35
22	PUM1.003	PUM1	PF00806	PUF	7.7e-10	33.6	789	823	sikgnlvqLstdqyGnyvvQkllehateeqkklil	EIAGHIMEFSQDQHGSRFIQLKLERATPAERQLVF	1,2,3,4,5,6,7,8,9,10,11,12,13,14,15,16,17,18,19,20,21,22,23,24,25,26,27,28,29,30,31,32,33,34,35	ENSP00000362847	ENSG00000134644	ENST00000373742	GRCh37.75:1:complement(join(31538536..31538632,31532051..31532424,31501643..31501711,31467901..31468067,31465237..31465507,31454159..31454252,31452909..31453013,31447498..31447649,31441201..31441339,31440014..31440157,31438829..31439125,31437521..31437757,31426561..31426828,31425081..31425210,31422980..31423108,31418193..31418330,31414845..31414970,31413998..31414119,31409490..31409682,31406058..31406189))	1	1127		1	35
23	PUM1.003	PUM1	PF00806	PUF	8e-13	43.5	969	1003	sikgnlvqLstdqyGnyvvQkllehateeqkklil	ELHQHTEQLVQDQYGNYVIQHVLEHGRPEDKSKIV	1,2,3,4,5,6,7,8,9,10,11,12,13,14,15,16,17,18,19,20,21,22,23,24,25,26,27,28,29,30,31,32,33,34,35	ENSP00000362847	ENSG00000134644	ENST00000373742	GRCh37.75:1:complement(join(31538536..31538632,31532051..31532424,31501643..31501711,31467901..31468067,31465237..31465507,31454159..31454252,31452909..31453013,31447498..31447649,31441201..31441339,31440014..31440157,31438829..31439125,31437521..31437757,31426561..31426828,31425081..31425210,31422980..31423108,31418193..31418330,31414845..31414970,31413998..31414119,31409490..31409682,31406058..31406189))	1	1127		1	35
24	PUM1.004	PUM1	PF00806	PUF	1.4e-08	29.4	1067	1101	sikgnlvqLstdqyGnyvvQkllehateeqkklil	EIRGNVLVLSQHKFASNVVEKCVTHASRTERAVLI	1,2,3,4,5,6,7,8,9,10,11,12,13,14,15,16,17,18,19,20,21,22,23,24,25,26,27,28,29,30,31,32,33,34,35	ENSP00000362852	ENSG00000134644	ENST00000373747	GRCh37.75:1:complement(join(31532051..31532413,31501643..31501711,31479841..31479949,31478700..31478878,31467901..31468067,31465237..31465507,31454159..31454252,31452909..31453013,31447498..31447649,31441201..31441339,31440014..31440157,31438829..31439125,31437521..31437757,31426561..31426828,31425081..31425210,31422974..31423108,31418193..31418330,31414845..31414970,31413998..31414119,31409490..31409682,31406058..31406189))	1	1189		1	35
25	PUM1.004	PUM1	PF00806	PUF	1.4e-11	39.3	995	1029	sikgnlvqLstdqyGnyvvQkllehateeqkklil	AFKGQVFALSTHPYGCRVIQRILEHCLPDQTLPIL	1,2,3,4,5,6,7,8,9,10,11,12,13,14,15,16,17,18,19,20,21,22,23,24,25,26,27,28,29,30,31,32,33,34,35	ENSP00000362852	ENSG00000134644	ENST00000373747	GRCh37.75:1:complement(join(31532051..31532413,31501643..31501711,31479841..31479949,31478700..31478878,31467901..31468067,31465237..31465507,31454159..31454252,31452909..31453013,31447498..31447649,31441201..31441339,31440014..31440157,31438829..31439125,31437521..31437757,31426561..31426828,31425081..31425210,31422974..31423108,31418193..31418330,31414845..31414970,31413998..31414119,31409490..31409682,31406058..31406189))	1	1189		1	35
26	PUM1.004	PUM1	PF00806	PUF	1.4e-11	39.4	959	993	sikgnlvqLstdqyGnyvvQkllehateeqkklil	ELDGHVLKCVKDQNGNHVVQKCIECVQPQSLQFII	1,2,3,4,5,6,7,8,9,10,11,12,13,14,15,16,17,18,19,20,21,22,23,24,25,26,27,28,29,30,31,32,33,34,35	ENSP00000362852	ENSG00000134644	ENST00000373747	GRCh37.75:1:complement(join(31532051..31532413,31501643..31501711,31479841..31479949,31478700..31478878,31467901..31468067,31465237..31465507,31454159..31454252,31452909..31453013,31447498..31447649,31441201..31441339,31440014..31440157,31438829..31439125,31437521..31437757,31426561..31426828,31425081..31425210,31422974..31423108,31418193..31418330,31414845..31414970,31413998..31414119,31409490..31409682,31406058..31406189))	1	1189		1	35
27	PUM1.004	PUM1	PF00806	PUF	3.8e-07	24.7	921	954	sikgnlvqLstdqyGnyvvQkllehateeqkklil	RIRGHVLSLALQMYGCRVIQKALE-FIPSDQQVIN	1,2,3,4,5,6,7,8,9,10,11,12,13,14,15,16,17,18,19,20,21,22,23,24,25,26,27,28,29,30,31,32,33,34,35	ENSP00000362852	ENSG00000134644	ENST00000373747	GRCh37.75:1:complement(join(31532051..31532413,31501643..31501711,31479841..31479949,31478700..31478878,31467901..31468067,31465237..31465507,31454159..31454252,31452909..31453013,31447498..31447649,31441201..31441339,31440014..31440157,31438829..31439125,31437521..31437757,31426561..31426828,31425081..31425210,31422974..31423108,31418193..31418330,31414845..31414970,31413998..31414119,31409490..31409682,31406058..31406189))	1	1189		1	35
28	PUM1.004	PUM1	PF00806	PUF	4.8e-09	31.0	1110	1144	sikgnlvqLstdqyGnyvvQkllehateeqkklil	GPHSALYTMMKDQYANYVVQKMIDVAEPGQRKIVM	1,2,3,4,5,6,7,8,9,10,11,12,13,14,15,16,17,18,19,20,21,22,23,24,25,26,27,28,29,30,31,32,33,34,35	ENSP00000362852	ENSG00000134644	ENST00000373747	GRCh37.75:1:complement(join(31532051..31532413,31501643..31501711,31479841..31479949,31478700..31478878,31467901..31468067,31465237..31465507,31454159..31454252,31452909..31453013,31447498..31447649,31441201..31441339,31440014..31440157,31438829..31439125,31437521..31437757,31426561..31426828,31425081..31425210,31422974..31423108,31418193..31418330,31414845..31414970,31413998..31414119,31409490..31409682,31406058..31406189))	1	1189		1	35
29	PUM1.004	PUM1	PF00806	PUF	7.2e-09	30.4	885	919	sikgnlvqLstdqyGnyvvQkllehateeqkklil	EILQAAYQLMVDVFGNYVIQKFFEFGSLEQKLALA	1,2,3,4,5,6,7,8,9,10,11,12,13,14,15,16,17,18,19,20,21,22,23,24,25,26,27,28,29,30,31,32,33,34,35	ENSP00000362852	ENSG00000134644	ENST00000373747	GRCh37.75:1:complement(join(31532051..31532413,31501643..31501711,31479841..31479949,31478700..31478878,31467901..31468067,31465237..31465507,31454159..31454252,31452909..31453013,31447498..31447649,31441201..31441339,31440014..31440157,31438829..31439125,31437521..31437757,31426561..31426828,31425081..31425210,31422974..31423108,31418193..31418330,31414845..31414970,31413998..31414119,31409490..31409682,31406058..31406189))	1	1189		1	35
30	PUM1.004	PUM1	PF00806	PUF	7.7e-10	33.6	849	883	sikgnlvqLstdqyGnyvvQkllehateeqkklil	EIAGHIMEFSQDQHGSRFIQLKLERATPAERQLVF	1,2,3,4,5,6,7,8,9,10,11,12,13,14,15,16,17,18,19,20,21,22,23,24,25,26,27,28,29,30,31,32,33,34,35	ENSP00000362852	ENSG00000134644	ENST00000373747	GRCh37.75:1:complement(join(31532051..31532413,31501643..31501711,31479841..31479949,31478700..31478878,31467901..31468067,31465237..31465507,31454159..31454252,31452909..31453013,31447498..31447649,31441201..31441339,31440014..31440157,31438829..31439125,31437521..31437757,31426561..31426828,31425081..31425210,31422974..31423108,31418193..31418330,31414845..31414970,31413998..31414119,31409490..31409682,31406058..31406189))	1	1189		1	35
31	PUM1.004	PUM1	PF00806	PUF	8e-13	43.5	1031	1065	sikgnlvqLstdqyGnyvvQkllehateeqkklil	ELHQHTEQLVQDQYGNYVIQHVLEHGRPEDKSKIV	1,2,3,4,5,6,7,8,9,10,11,12,13,14,15,16,17,18,19,20,21,22,23,24,25,26,27,28,29,30,31,32,33,34,35	ENSP00000362852	ENSG00000134644	ENST00000373747	GRCh37.75:1:complement(join(31532051..31532413,31501643..31501711,31479841..31479949,31478700..31478878,31467901..31468067,31465237..31465507,31454159..31454252,31452909..31453013,31447498..31447649,31441201..31441339,31440014..31440157,31438829..31439125,31437521..31437757,31426561..31426828,31425081..31425210,31422974..31423108,31418193..31418330,31414845..31414970,31413998..31414119,31409490..31409682,31406058..31406189))	1	1189		1	35
32	PUM1.005	PUM1	PF00806	PUF	1.4e-08	29.4	1066	1100	sikgnlvqLstdqyGnyvvQkllehateeqkklil	EIRGNVLVLSQHKFASNVVEKCVTHASRTERAVLI	1,2,3,4,5,6,7,8,9,10,11,12,13,14,15,16,17,18,19,20,21,22,23,24,25,26,27,28,29,30,31,32,33,34,35	ENSP00000391723	ENSG00000134644	ENST00000426105	GRCh37.75:1:complement(join(31532051..31532413,31501643..31501711,31479841..31479949,31478700..31478878,31467901..31468067,31465237..31465507,31454159..31454252,31452909..31453010,31447498..31447649,31441201..31441339,31440014..31440157,31438829..31439125,31437521..31437757,31426561..31426828,31425081..31425210,31422974..31423108,31418193..31418330,31414845..31414970,31413998..31414119,31409490..31409682,31406058..31406189))	1	1188	NP_001018494 	1	35
33	PUM1.005	PUM1	PF00806	PUF	1.4e-11	39.3	994	1028	sikgnlvqLstdqyGnyvvQkllehateeqkklil	AFKGQVFALSTHPYGCRVIQRILEHCLPDQTLPIL	1,2,3,4,5,6,7,8,9,10,11,12,13,14,15,16,17,18,19,20,21,22,23,24,25,26,27,28,29,30,31,32,33,34,35	ENSP00000391723	ENSG00000134644	ENST00000426105	GRCh37.75:1:complement(join(31532051..31532413,31501643..31501711,31479841..31479949,31478700..31478878,31467901..31468067,31465237..31465507,31454159..31454252,31452909..31453010,31447498..31447649,31441201..31441339,31440014..31440157,31438829..31439125,31437521..31437757,31426561..31426828,31425081..31425210,31422974..31423108,31418193..31418330,31414845..31414970,31413998..31414119,31409490..31409682,31406058..31406189))	1	1188	NP_001018494 	1	35
34	PUM1.005	PUM1	PF00806	PUF	1.4e-11	39.4	958	992	sikgnlvqLstdqyGnyvvQkllehateeqkklil	ELDGHVLKCVKDQNGNHVVQKCIECVQPQSLQFII	1,2,3,4,5,6,7,8,9,10,11,12,13,14,15,16,17,18,19,20,21,22,23,24,25,26,27,28,29,30,31,32,33,34,35	ENSP00000391723	ENSG00000134644	ENST00000426105	GRCh37.75:1:complement(join(31532051..31532413,31501643..31501711,31479841..31479949,31478700..31478878,31467901..31468067,31465237..31465507,31454159..31454252,31452909..31453010,31447498..31447649,31441201..31441339,31440014..31440157,31438829..31439125,31437521..31437757,31426561..31426828,31425081..31425210,31422974..31423108,31418193..31418330,31414845..31414970,31413998..31414119,31409490..31409682,31406058..31406189))	1	1188	NP_001018494 	1	35
35	PUM1.005	PUM1	PF00806	PUF	3.8e-07	24.7	920	953	sikgnlvqLstdqyGnyvvQkllehateeqkklil	RIRGHVLSLALQMYGCRVIQKALE-FIPSDQQVIN	1,2,3,4,5,6,7,8,9,10,11,12,13,14,15,16,17,18,19,20,21,22,23,24,25,26,27,28,29,30,31,32,33,34,35	ENSP00000391723	ENSG00000134644	ENST00000426105	GRCh37.75:1:complement(join(31532051..31532413,31501643..31501711,31479841..31479949,31478700..31478878,31467901..31468067,31465237..31465507,31454159..31454252,31452909..31453010,31447498..31447649,31441201..31441339,31440014..31440157,31438829..31439125,31437521..31437757,31426561..31426828,31425081..31425210,31422974..31423108,31418193..31418330,31414845..31414970,31413998..31414119,31409490..31409682,31406058..31406189))	1	1188	NP_001018494 	1	35
36	PUM1.005	PUM1	PF00806	PUF	4.8e-09	31.0	1109	1143	sikgnlvqLstdqyGnyvvQkllehateeqkklil	GPHSALYTMMKDQYANYVVQKMIDVAEPGQRKIVM	1,2,3,4,5,6,7,8,9,10,11,12,13,14,15,16,17,18,19,20,21,22,23,24,25,26,27,28,29,30,31,32,33,34,35	ENSP00000391723	ENSG00000134644	ENST00000426105	GRCh37.75:1:complement(join(31532051..31532413,31501643..31501711,31479841..31479949,31478700..31478878,31467901..31468067,31465237..31465507,31454159..31454252,31452909..31453010,31447498..31447649,31441201..31441339,31440014..31440157,31438829..31439125,31437521..31437757,31426561..31426828,31425081..31425210,31422974..31423108,31418193..31418330,31414845..31414970,31413998..31414119,31409490..31409682,31406058..31406189))	1	1188	NP_001018494 	1	35
37	PUM1.005	PUM1	PF00806	PUF	7.2e-09	30.4	884	918	sikgnlvqLstdqyGnyvvQkllehateeqkklil	EILQAAYQLMVDVFGNYVIQKFFEFGSLEQKLALA	1,2,3,4,5,6,7,8,9,10,11,12,13,14,15,16,17,18,19,20,21,22,23,24,25,26,27,28,29,30,31,32,33,34,35	ENSP00000391723	ENSG00000134644	ENST00000426105	GRCh37.75:1:complement(join(31532051..31532413,31501643..31501711,31479841..31479949,31478700..31478878,31467901..31468067,31465237..31465507,31454159..31454252,31452909..31453010,31447498..31447649,31441201..31441339,31440014..31440157,31438829..31439125,31437521..31437757,31426561..31426828,31425081..31425210,31422974..31423108,31418193..31418330,31414845..31414970,31413998..31414119,31409490..31409682,31406058..31406189))	1	1188	NP_001018494 	1	35
38	PUM1.005	PUM1	PF00806	PUF	7.7e-10	33.6	848	882	sikgnlvqLstdqyGnyvvQkllehateeqkklil	EIAGHIMEFSQDQHGSRFIQLKLERATPAERQLVF	1,2,3,4,5,6,7,8,9,10,11,12,13,14,15,16,17,18,19,20,21,22,23,24,25,26,27,28,29,30,31,32,33,34,35	ENSP00000391723	ENSG00000134644	ENST00000426105	GRCh37.75:1:complement(join(31532051..31532413,31501643..31501711,31479841..31479949,31478700..31478878,31467901..31468067,31465237..31465507,31454159..31454252,31452909..31453010,31447498..31447649,31441201..31441339,31440014..31440157,31438829..31439125,31437521..31437757,31426561..31426828,31425081..31425210,31422974..31423108,31418193..31418330,31414845..31414970,31413998..31414119,31409490..31409682,31406058..31406189))	1	1188	NP_001018494 	1	35
39	PUM1.005	PUM1	PF00806	PUF	8e-13	43.5	1030	1064	sikgnlvqLstdqyGnyvvQkllehateeqkklil	ELHQHTEQLVQDQYGNYVIQHVLEHGRPEDKSKIV	1,2,3,4,5,6,7,8,9,10,11,12,13,14,15,16,17,18,19,20,21,22,23,24,25,26,27,28,29,30,31,32,33,34,35	ENSP00000391723	ENSG00000134644	ENST00000426105	GRCh37.75:1:complement(join(31532051..31532413,31501643..31501711,31479841..31479949,31478700..31478878,31467901..31468067,31465237..31465507,31454159..31454252,31452909..31453010,31447498..31447649,31441201..31441339,31440014..31440157,31438829..31439125,31437521..31437757,31426561..31426828,31425081..31425210,31422974..31423108,31418193..31418330,31414845..31414970,31413998..31414119,31409490..31409682,31406058..31406189))	1	1188	NP_001018494 	1	35
40	PUM1.006	PUM1	PF00806	PUF	1.4e-08	29.4	822	856	sikgnlvqLstdqyGnyvvQkllehateeqkklil	EIRGNVLVLSQHKFASNVVEKCVTHASRTERAVLI	1,2,3,4,5,6,7,8,9,10,11,12,13,14,15,16,17,18,19,20,21,22,23,24,25,26,27,28,29,30,31,32,33,34,35	ENSP00000400141	ENSG00000134644	ENST00000424085	GRCh37.75:1:complement(join(31532051..31532413,31501643..31501711,31454159..31454252,31452909..31453010,31447498..31447649,31441201..31441339,31440014..31440157,31438829..31439125,31437521..31437757,31426561..31426828,31425081..31425210,31422980..31423108,31418193..31418330,31414845..31414970,31413998..31414119,31409490..31409682,31406058..31406189))	1	944		1	35
41	PUM1.006	PUM1	PF00806	PUF	1.4e-11	39.3	750	784	sikgnlvqLstdqyGnyvvQkllehateeqkklil	AFKGQVFALSTHPYGCRVIQRILEHCLPDQTLPIL	1,2,3,4,5,6,7,8,9,10,11,12,13,14,15,16,17,18,19,20,21,22,23,24,25,26,27,28,29,30,31,32,33,34,35	ENSP00000400141	ENSG00000134644	ENST00000424085	GRCh37.75:1:complement(join(31532051..31532413,31501643..31501711,31454159..31454252,31452909..31453010,31447498..31447649,31441201..31441339,31440014..31440157,31438829..31439125,31437521..31437757,31426561..31426828,31425081..31425210,31422980..31423108,31418193..31418330,31414845..31414970,31413998..31414119,31409490..31409682,31406058..31406189))	1	944		1	35
42	PUM1.006	PUM1	PF00806	PUF	1.4e-11	39.4	714	748	sikgnlvqLstdqyGnyvvQkllehateeqkklil	ELDGHVLKCVKDQNGNHVVQKCIECVQPQSLQFII	1,2,3,4,5,6,7,8,9,10,11,12,13,14,15,16,17,18,19,20,21,22,23,24,25,26,27,28,29,30,31,32,33,34,35	ENSP00000400141	ENSG00000134644	ENST00000424085	GRCh37.75:1:complement(join(31532051..31532413,31501643..31501711,31454159..31454252,31452909..31453010,31447498..31447649,31441201..31441339,31440014..31440157,31438829..31439125,31437521..31437757,31426561..31426828,31425081..31425210,31422980..31423108,31418193..31418330,31414845..31414970,31413998..31414119,31409490..31409682,31406058..31406189))	1	944		1	35
43	PUM1.006	PUM1	PF00806	PUF	2.7e-09	31.8	678	712	sikgnlvqLstdqyGnyvvQkllehateeqkklil	RIRGHVLSLALQMYGCRVIQKALEFIPSDQQNEMV	1,2,3,4,5,6,7,8,9,10,11,12,13,14,15,16,17,18,19,20,21,22,23,24,25,26,27,28,29,30,31,32,33,34,35	ENSP00000400141	ENSG00000134644	ENST00000424085	GRCh37.75:1:complement(join(31532051..31532413,31501643..31501711,31454159..31454252,31452909..31453010,31447498..31447649,31441201..31441339,31440014..31440157,31438829..31439125,31437521..31437757,31426561..31426828,31425081..31425210,31422980..31423108,31418193..31418330,31414845..31414970,31413998..31414119,31409490..31409682,31406058..31406189))	1	944		1	35
44	PUM1.006	PUM1	PF00806	PUF	4.8e-09	31.0	865	899	sikgnlvqLstdqyGnyvvQkllehateeqkklil	GPHSALYTMMKDQYANYVVQKMIDVAEPGQRKIVM	1,2,3,4,5,6,7,8,9,10,11,12,13,14,15,16,17,18,19,20,21,22,23,24,25,26,27,28,29,30,31,32,33,34,35	ENSP00000400141	ENSG00000134644	ENST00000424085	GRCh37.75:1:complement(join(31532051..31532413,31501643..31501711,31454159..31454252,31452909..31453010,31447498..31447649,31441201..31441339,31440014..31440157,31438829..31439125,31437521..31437757,31426561..31426828,31425081..31425210,31422980..31423108,31418193..31418330,31414845..31414970,31413998..31414119,31409490..31409682,31406058..31406189))	1	944		1	35
45	PUM1.006	PUM1	PF00806	PUF	7.2e-09	30.4	642	676	sikgnlvqLstdqyGnyvvQkllehateeqkklil	EILQAAYQLMVDVFGNYVIQKFFEFGSLEQKLALA	1,2,3,4,5,6,7,8,9,10,11,12,13,14,15,16,17,18,19,20,21,22,23,24,25,26,27,28,29,30,31,32,33,34,35	ENSP00000400141	ENSG00000134644	ENST00000424085	GRCh37.75:1:complement(join(31532051..31532413,31501643..31501711,31454159..31454252,31452909..31453010,31447498..31447649,31441201..31441339,31440014..31440157,31438829..31439125,31437521..31437757,31426561..31426828,31425081..31425210,31422980..31423108,31418193..31418330,31414845..31414970,31413998..31414119,31409490..31409682,31406058..31406189))	1	944		1	35
46	PUM1.006	PUM1	PF00806	PUF	7.7e-10	33.6	606	640	sikgnlvqLstdqyGnyvvQkllehateeqkklil	EIAGHIMEFSQDQHGSRFIQLKLERATPAERQLVF	1,2,3,4,5,6,7,8,9,10,11,12,13,14,15,16,17,18,19,20,21,22,23,24,25,26,27,28,29,30,31,32,33,34,35	ENSP00000400141	ENSG00000134644	ENST00000424085	GRCh37.75:1:complement(join(31532051..31532413,31501643..31501711,31454159..31454252,31452909..31453010,31447498..31447649,31441201..31441339,31440014..31440157,31438829..31439125,31437521..31437757,31426561..31426828,31425081..31425210,31422980..31423108,31418193..31418330,31414845..31414970,31413998..31414119,31409490..31409682,31406058..31406189))	1	944		1	35
47	PUM1.006	PUM1	PF00806	PUF	8e-13	43.5	786	820	sikgnlvqLstdqyGnyvvQkllehateeqkklil	ELHQHTEQLVQDQYGNYVIQHVLEHGRPEDKSKIV	1,2,3,4,5,6,7,8,9,10,11,12,13,14,15,16,17,18,19,20,21,22,23,24,25,26,27,28,29,30,31,32,33,34,35	ENSP00000400141	ENSG00000134644	ENST00000424085	GRCh37.75:1:complement(join(31532051..31532413,31501643..31501711,31454159..31454252,31452909..31453010,31447498..31447649,31441201..31441339,31440014..31440157,31438829..31439125,31437521..31437757,31426561..31426828,31425081..31425210,31422980..31423108,31418193..31418330,31414845..31414970,31413998..31414119,31409490..31409682,31406058..31406189))	1	944		1	35
48	PUM1.007	PUM1	PF00806	PUF	1.4e-08	29.4	1040	1074	sikgnlvqLstdqyGnyvvQkllehateeqkklil	EIRGNVLVLSQHKFASNVVEKCVTHASRTERAVLI	1,2,3,4,5,6,7,8,9,10,11,12,13,14,15,16,17,18,19,20,21,22,23,24,25,26,27,28,29,30,31,32,33,34,35	ENSP00000401777	ENSG00000134644	ENST00000440538	GRCh37.75:1:complement(join(31532051..31532413,31501643..31501711,31479841..31479949,31478700..31478878,31467901..31468067,31465237..31465507,31454159..31454252,31452909..31453013,31447498..31447649,31441201..31441339,31440014..31440157,31438829..31439044,31437521..31437757,31426561..31426828,31425081..31425210,31422974..31423108,31418193..31418330,31414845..31414970,31413998..31414119,31409490..31409682,31406058..31406189))	1	1162		1	35
49	PUM1.007	PUM1	PF00806	PUF	1.4e-11	39.3	968	1002	sikgnlvqLstdqyGnyvvQkllehateeqkklil	AFKGQVFALSTHPYGCRVIQRILEHCLPDQTLPIL	1,2,3,4,5,6,7,8,9,10,11,12,13,14,15,16,17,18,19,20,21,22,23,24,25,26,27,28,29,30,31,32,33,34,35	ENSP00000401777	ENSG00000134644	ENST00000440538	GRCh37.75:1:complement(join(31532051..31532413,31501643..31501711,31479841..31479949,31478700..31478878,31467901..31468067,31465237..31465507,31454159..31454252,31452909..31453013,31447498..31447649,31441201..31441339,31440014..31440157,31438829..31439044,31437521..31437757,31426561..31426828,31425081..31425210,31422974..31423108,31418193..31418330,31414845..31414970,31413998..31414119,31409490..31409682,31406058..31406189))	1	1162		1	35
50	PUM1.007	PUM1	PF00806	PUF	1.4e-11	39.4	932	966	sikgnlvqLstdqyGnyvvQkllehateeqkklil	ELDGHVLKCVKDQNGNHVVQKCIECVQPQSLQFII	1,2,3,4,5,6,7,8,9,10,11,12,13,14,15,16,17,18,19,20,21,22,23,24,25,26,27,28,29,30,31,32,33,34,35	ENSP00000401777	ENSG00000134644	ENST00000440538	GRCh37.75:1:complement(join(31532051..31532413,31501643..31501711,31479841..31479949,31478700..31478878,31467901..31468067,31465237..31465507,31454159..31454252,31452909..31453013,31447498..31447649,31441201..31441339,31440014..31440157,31438829..31439044,31437521..31437757,31426561..31426828,31425081..31425210,31422974..31423108,31418193..31418330,31414845..31414970,31413998..31414119,31409490..31409682,31406058..31406189))	1	1162		1	35
51	PUM1.007	PUM1	PF00806	PUF	3.8e-07	24.7	894	927	sikgnlvqLstdqyGnyvvQkllehateeqkklil	RIRGHVLSLALQMYGCRVIQKALE-FIPSDQQVIN	1,2,3,4,5,6,7,8,9,10,11,12,13,14,15,16,17,18,19,20,21,22,23,24,25,26,27,28,29,30,31,32,33,34,35	ENSP00000401777	ENSG00000134644	ENST00000440538	GRCh37.75:1:complement(join(31532051..31532413,31501643..31501711,31479841..31479949,31478700..31478878,31467901..31468067,31465237..31465507,31454159..31454252,31452909..31453013,31447498..31447649,31441201..31441339,31440014..31440157,31438829..31439044,31437521..31437757,31426561..31426828,31425081..31425210,31422974..31423108,31418193..31418330,31414845..31414970,31413998..31414119,31409490..31409682,31406058..31406189))	1	1162		1	35
52	PUM1.007	PUM1	PF00806	PUF	4.8e-09	31.0	1083	1117	sikgnlvqLstdqyGnyvvQkllehateeqkklil	GPHSALYTMMKDQYANYVVQKMIDVAEPGQRKIVM	1,2,3,4,5,6,7,8,9,10,11,12,13,14,15,16,17,18,19,20,21,22,23,24,25,26,27,28,29,30,31,32,33,34,35	ENSP00000401777	ENSG00000134644	ENST00000440538	GRCh37.75:1:complement(join(31532051..31532413,31501643..31501711,31479841..31479949,31478700..31478878,31467901..31468067,31465237..31465507,31454159..31454252,31452909..31453013,31447498..31447649,31441201..31441339,31440014..31440157,31438829..31439044,31437521..31437757,31426561..31426828,31425081..31425210,31422974..31423108,31418193..31418330,31414845..31414970,31413998..31414119,31409490..31409682,31406058..31406189))	1	1162		1	35
53	PUM1.007	PUM1	PF00806	PUF	7.2e-09	30.4	858	892	sikgnlvqLstdqyGnyvvQkllehateeqkklil	EILQAAYQLMVDVFGNYVIQKFFEFGSLEQKLALA	1,2,3,4,5,6,7,8,9,10,11,12,13,14,15,16,17,18,19,20,21,22,23,24,25,26,27,28,29,30,31,32,33,34,35	ENSP00000401777	ENSG00000134644	ENST00000440538	GRCh37.75:1:complement(join(31532051..31532413,31501643..31501711,31479841..31479949,31478700..31478878,31467901..31468067,31465237..31465507,31454159..31454252,31452909..31453013,31447498..31447649,31441201..31441339,31440014..31440157,31438829..31439044,31437521..31437757,31426561..31426828,31425081..31425210,31422974..31423108,31418193..31418330,31414845..31414970,31413998..31414119,31409490..31409682,31406058..31406189))	1	1162		1	35
54	PUM1.007	PUM1	PF00806	PUF	7.7e-10	33.6	822	856	sikgnlvqLstdqyGnyvvQkllehateeqkklil	EIAGHIMEFSQDQHGSRFIQLKLERATPAERQLVF	1,2,3,4,5,6,7,8,9,10,11,12,13,14,15,16,17,18,19,20,21,22,23,24,25,26,27,28,29,30,31,32,33,34,35	ENSP00000401777	ENSG00000134644	ENST00000440538	GRCh37.75:1:complement(join(31532051..31532413,31501643..31501711,31479841..31479949,31478700..31478878,31467901..31468067,31465237..31465507,31454159..31454252,31452909..31453013,31447498..31447649,31441201..31441339,31440014..31440157,31438829..31439044,31437521..31437757,31426561..31426828,31425081..31425210,31422974..31423108,31418193..31418330,31414845..31414970,31413998..31414119,31409490..31409682,31406058..31406189))	1	1162		1	35
55	PUM1.007	PUM1	PF00806	PUF	8e-13	43.5	1004	1038	sikgnlvqLstdqyGnyvvQkllehateeqkklil	ELHQHTEQLVQDQYGNYVIQHVLEHGRPEDKSKIV	1,2,3,4,5,6,7,8,9,10,11,12,13,14,15,16,17,18,19,20,21,22,23,24,25,26,27,28,29,30,31,32,33,34,35	ENSP00000401777	ENSG00000134644	ENST00000440538	GRCh37.75:1:complement(join(31532051..31532413,31501643..31501711,31479841..31479949,31478700..31478878,31467901..31468067,31465237..31465507,31454159..31454252,31452909..31453013,31447498..31447649,31441201..31441339,31440014..31440157,31438829..31439044,31437521..31437757,31426561..31426828,31425081..31425210,31422974..31423108,31418193..31418330,31414845..31414970,31413998..31414119,31409490..31409682,31406058..31406189))	1	1162		1	35
56	PUM1.014	PUM1	PF00806	PUF	1.4e-11	39.3	5	39	sikgnlvqLstdqyGnyvvQkllehateeqkklil	AFKGQVFALSTHPYGCRVIQRILEHCLPDQTLPIL	1,2,3,4,5,6,7,8,9,10,11,12,13,14,15,16,17,18,19,20,21,22,23,24,25,26,27,28,29,30,31,32,33,34,35	ENSP00000434096	ENSG00000134644	ENST00000530669	GRCh37.75:1:complement(join(31418193..31418219,31414769..31414970,31414118..31414119))	1	76		1	35
57	PUM2.001	PUM2	PF00806	PUF	1.4e-11	39.4	757	791	sikgnlvqLstdqyGnyvvQkllehateeqkklil	ELDGHVLKCVKDQNGNHVVQKCIECVQPQSLQFII	1,2,3,4,5,6,7,8,9,10,11,12,13,14,15,16,17,18,19,20,21,22,23,24,25,26,27,28,29,30,31,32,33,34,35	ENSP00000326746	ENSG00000055917	ENST00000319801	GRCh37.75:2:complement(join(20527071..20527121,20518298..20518406,20511997..20512184,20511255..20511424,20508075..20508345,20507739..20507832,20497314..20497439,20494137..20494279,20490413..20490551,20483104..20483247,20482708..20482992,20462954..20463221,20460098..20460227,20457998..20458132,20455794..20455931,20454977..20455102,20454624..20454745,20453583..20453775,20451346..20451477))	2	987	NP_001269720 	1	35
58	PUM2.001	PUM2	PF00806	PUF	2.1e-10	35.5	908	942	sikgnlvqLstdqyGnyvvQkllehateeqkklil	GPHSALYTMMKDQYANYVVQKMIDMAEPAQRKIIM	1,2,3,4,5,6,7,8,9,10,11,12,13,14,15,16,17,18,19,20,21,22,23,24,25,26,27,28,29,30,31,32,33,34,35	ENSP00000326746	ENSG00000055917	ENST00000319801	GRCh37.75:2:complement(join(20527071..20527121,20518298..20518406,20511997..20512184,20511255..20511424,20508075..20508345,20507739..20507832,20497314..20497439,20494137..20494279,20490413..20490551,20483104..20483247,20482708..20482992,20462954..20463221,20460098..20460227,20457998..20458132,20455794..20455931,20454977..20455102,20454624..20454745,20453583..20453775,20451346..20451477))	2	987	NP_001269720 	1	35
59	PUM2.001	PUM2	PF00806	PUF	2.1e-13	45.4	793	827	sikgnlvqLstdqyGnyvvQkllehateeqkklil	AFKGQVFVLSTHPYGCRVIQRILEHCTAEQTLPIL	1,2,3,4,5,6,7,8,9,10,11,12,13,14,15,16,17,18,19,20,21,22,23,24,25,26,27,28,29,30,31,32,33,34,35	ENSP00000326746	ENSG00000055917	ENST00000319801	GRCh37.75:2:complement(join(20527071..20527121,20518298..20518406,20511997..20512184,20511255..20511424,20508075..20508345,20507739..20507832,20497314..20497439,20494137..20494279,20490413..20490551,20483104..20483247,20482708..20482992,20462954..20463221,20460098..20460227,20457998..20458132,20455794..20455931,20454977..20455102,20454624..20454745,20453583..20453775,20451346..20451477))	2	987	NP_001269720 	1	35
60	PUM2.001	PUM2	PF00806	PUF	2.9e-08	28.3	865	899	sikgnlvqLstdqyGnyvvQkllehateeqkklil	EIRGKVLALSQHKFASNVVEKCVTHASRAERALLI	1,2,3,4,5,6,7,8,9,10,11,12,13,14,15,16,17,18,19,20,21,22,23,24,25,26,27,28,29,30,31,32,33,34,35	ENSP00000326746	ENSG00000055917	ENST00000319801	GRCh37.75:2:complement(join(20527071..20527121,20518298..20518406,20511997..20512184,20511255..20511424,20508075..20508345,20507739..20507832,20497314..20497439,20494137..20494279,20490413..20490551,20483104..20483247,20482708..20482992,20462954..20463221,20460098..20460227,20457998..20458132,20455794..20455931,20454977..20455102,20454624..20454745,20453583..20453775,20451346..20451477))	2	987	NP_001269720 	1	35
61	PUM2.001	PUM2	PF00806	PUF	3.3e-07	24.9	719	754	sikgnlvqLstdqyGnyvvQklleh.ateeqkklil	RIRGHVLPLALQMYGCRVIQKALESiSSDQQVISEM	1,2,3,4,5,6,7,8,9,10,11,12,13,14,15,16,17,18,19,20,21,22,23,24,25,a25-0,26,27,28,29,30,31,32,33,34,35	ENSP00000326746	ENSG00000055917	ENST00000319801	GRCh37.75:2:complement(join(20527071..20527121,20518298..20518406,20511997..20512184,20511255..20511424,20508075..20508345,20507739..20507832,20497314..20497439,20494137..20494279,20490413..20490551,20483104..20483247,20482708..20482992,20462954..20463221,20460098..20460227,20457998..20458132,20455794..20455931,20454977..20455102,20454624..20454745,20453583..20453775,20451346..20451477))	2	987	NP_001269720 	1	35
62	PUM2.001	PUM2	PF00806	PUF	3.8e-11	37.9	647	681	sikgnlvqLstdqyGnyvvQkllehateeqkklil	DLIGHIVEFSQDQHGSRFIQQKLERATPAERQMVF	1,2,3,4,5,6,7,8,9,10,11,12,13,14,15,16,17,18,19,20,21,22,23,24,25,26,27,28,29,30,31,32,33,34,35	ENSP00000326746	ENSG00000055917	ENST00000319801	GRCh37.75:2:complement(join(20527071..20527121,20518298..20518406,20511997..20512184,20511255..20511424,20508075..20508345,20507739..20507832,20497314..20497439,20494137..20494279,20490413..20490551,20483104..20483247,20482708..20482992,20462954..20463221,20460098..20460227,20457998..20458132,20455794..20455931,20454977..20455102,20454624..20454745,20453583..20453775,20451346..20451477))	2	987	NP_001269720 	1	35
63	PUM2.001	PUM2	PF00806	PUF	8e-13	43.5	829	863	sikgnlvqLstdqyGnyvvQkllehateeqkklil	ELHQHTEQLVQDQYGNYVIQHVLEHGRPEDKSKIV	1,2,3,4,5,6,7,8,9,10,11,12,13,14,15,16,17,18,19,20,21,22,23,24,25,26,27,28,29,30,31,32,33,34,35	ENSP00000326746	ENSG00000055917	ENST00000319801	GRCh37.75:2:complement(join(20527071..20527121,20518298..20518406,20511997..20512184,20511255..20511424,20508075..20508345,20507739..20507832,20497314..20497439,20494137..20494279,20490413..20490551,20483104..20483247,20482708..20482992,20462954..20463221,20460098..20460227,20457998..20458132,20455794..20455931,20454977..20455102,20454624..20454745,20453583..20453775,20451346..20451477))	2	987	NP_001269720 	1	35
64	PUM2.001	PUM2	PF00806	PUF	9.9e-09	29.9	683	717	sikgnlvqLstdqyGnyvvQkllehateeqkklil	EILQAAYQLMTDVFGNYVIQKFFEFGSLDQKLALA	1,2,3,4,5,6,7,8,9,10,11,12,13,14,15,16,17,18,19,20,21,22,23,24,25,26,27,28,29,30,31,32,33,34,35	ENSP00000326746	ENSG00000055917	ENST00000319801	GRCh37.75:2:complement(join(20527071..20527121,20518298..20518406,20511997..20512184,20511255..20511424,20508075..20508345,20507739..20507832,20497314..20497439,20494137..20494279,20490413..20490551,20483104..20483247,20482708..20482992,20462954..20463221,20460098..20460227,20457998..20458132,20455794..20455931,20454977..20455102,20454624..20454745,20453583..20453775,20451346..20451477))	2	987	NP_001269720 	1	35
65	PUM2.002	PUM2	PF00806	PUF	1.4e-11	39.4	834	868	sikgnlvqLstdqyGnyvvQkllehateeqkklil	ELDGHVLKCVKDQNGNHVVQKCIECVQPQSLQFII	1,2,3,4,5,6,7,8,9,10,11,12,13,14,15,16,17,18,19,20,21,22,23,24,25,26,27,28,29,30,31,32,33,34,35	ENSP00000338173	ENSG00000055917	ENST00000338086	GRCh37.75:2:complement(join(20527071..20527121,20518298..20518406,20511997..20512184,20511255..20511424,20508075..20508345,20507739..20507832,20497314..20497439,20494137..20494279,20490413..20490551,20483104..20483247,20482708..20482992,20478344..20478580,20462954..20463221,20460098..20460227,20458004..20458132,20455794..20455931,20454977..20455102,20454624..20454745,20453583..20453775,20451346..20451477))	2	1064	NP_056132 	1	35
66	PUM2.002	PUM2	PF00806	PUF	2.1e-10	35.5	985	1019	sikgnlvqLstdqyGnyvvQkllehateeqkklil	GPHSALYTMMKDQYANYVVQKMIDMAEPAQRKIIM	1,2,3,4,5,6,7,8,9,10,11,12,13,14,15,16,17,18,19,20,21,22,23,24,25,26,27,28,29,30,31,32,33,34,35	ENSP00000338173	ENSG00000055917	ENST00000338086	GRCh37.75:2:complement(join(20527071..20527121,20518298..20518406,20511997..20512184,20511255..20511424,20508075..20508345,20507739..20507832,20497314..20497439,20494137..20494279,20490413..20490551,20483104..20483247,20482708..20482992,20478344..20478580,20462954..20463221,20460098..20460227,20458004..20458132,20455794..20455931,20454977..20455102,20454624..20454745,20453583..20453775,20451346..20451477))	2	1064	NP_056132 	1	35
67	PUM2.002	PUM2	PF00806	PUF	2.1e-13	45.4	870	904	sikgnlvqLstdqyGnyvvQkllehateeqkklil	AFKGQVFVLSTHPYGCRVIQRILEHCTAEQTLPIL	1,2,3,4,5,6,7,8,9,10,11,12,13,14,15,16,17,18,19,20,21,22,23,24,25,26,27,28,29,30,31,32,33,34,35	ENSP00000338173	ENSG00000055917	ENST00000338086	GRCh37.75:2:complement(join(20527071..20527121,20518298..20518406,20511997..20512184,20511255..20511424,20508075..20508345,20507739..20507832,20497314..20497439,20494137..20494279,20490413..20490551,20483104..20483247,20482708..20482992,20478344..20478580,20462954..20463221,20460098..20460227,20458004..20458132,20455794..20455931,20454977..20455102,20454624..20454745,20453583..20453775,20451346..20451477))	2	1064	NP_056132 	1	35
68	PUM2.002	PUM2	PF00806	PUF	2.9e-08	28.3	942	976	sikgnlvqLstdqyGnyvvQkllehateeqkklil	EIRGKVLALSQHKFASNVVEKCVTHASRAERALLI	1,2,3,4,5,6,7,8,9,10,11,12,13,14,15,16,17,18,19,20,21,22,23,24,25,26,27,28,29,30,31,32,33,34,35	ENSP00000338173	ENSG00000055917	ENST00000338086	GRCh37.75:2:complement(join(20527071..20527121,20518298..20518406,20511997..20512184,20511255..20511424,20508075..20508345,20507739..20507832,20497314..20497439,20494137..20494279,20490413..20490551,20483104..20483247,20482708..20482992,20478344..20478580,20462954..20463221,20460098..20460227,20458004..20458132,20455794..20455931,20454977..20455102,20454624..20454745,20453583..20453775,20451346..20451477))	2	1064	NP_056132 	1	35
69	PUM2.002	PUM2	PF00806	PUF	3.8e-11	37.9	726	760	sikgnlvqLstdqyGnyvvQkllehateeqkklil	DLIGHIVEFSQDQHGSRFIQQKLERATPAERQMVF	1,2,3,4,5,6,7,8,9,10,11,12,13,14,15,16,17,18,19,20,21,22,23,24,25,26,27,28,29,30,31,32,33,34,35	ENSP00000338173	ENSG00000055917	ENST00000338086	GRCh37.75:2:complement(join(20527071..20527121,20518298..20518406,20511997..20512184,20511255..20511424,20508075..20508345,20507739..20507832,20497314..20497439,20494137..20494279,20490413..20490551,20483104..20483247,20482708..20482992,20478344..20478580,20462954..20463221,20460098..20460227,20458004..20458132,20455794..20455931,20454977..20455102,20454624..20454745,20453583..20453775,20451346..20451477))	2	1064	NP_056132 	1	35
70	PUM2.002	PUM2	PF00806	PUF	4.7e-09	31.0	798	832	sikgnlvqLstdqyGnyvvQkllehateeqkklil	RIRGHVLPLALQMYGCRVIQKALESISSDQQSEMV	1,2,3,4,5,6,7,8,9,10,11,12,13,14,15,16,17,18,19,20,21,22,23,24,25,26,27,28,29,30,31,32,33,34,35	ENSP00000338173	ENSG00000055917	ENST00000338086	GRCh37.75:2:complement(join(20527071..20527121,20518298..20518406,20511997..20512184,20511255..20511424,20508075..20508345,20507739..20507832,20497314..20497439,20494137..20494279,20490413..20490551,20483104..20483247,20482708..20482992,20478344..20478580,20462954..20463221,20460098..20460227,20458004..20458132,20455794..20455931,20454977..20455102,20454624..20454745,20453583..20453775,20451346..20451477))	2	1064	NP_056132 	1	35
71	PUM2.002	PUM2	PF00806	PUF	8e-13	43.5	906	940	sikgnlvqLstdqyGnyvvQkllehateeqkklil	ELHQHTEQLVQDQYGNYVIQHVLEHGRPEDKSKIV	1,2,3,4,5,6,7,8,9,10,11,12,13,14,15,16,17,18,19,20,21,22,23,24,25,26,27,28,29,30,31,32,33,34,35	ENSP00000338173	ENSG00000055917	ENST00000338086	GRCh37.75:2:complement(join(20527071..20527121,20518298..20518406,20511997..20512184,20511255..20511424,20508075..20508345,20507739..20507832,20497314..20497439,20494137..20494279,20490413..20490551,20483104..20483247,20482708..20482992,20478344..20478580,20462954..20463221,20460098..20460227,20458004..20458132,20455794..20455931,20454977..20455102,20454624..20454745,20453583..20453775,20451346..20451477))	2	1064	NP_056132 	1	35
72	PUM2.002	PUM2	PF00806	PUF	9.9e-09	29.9	762	796	sikgnlvqLstdqyGnyvvQkllehateeqkklil	EILQAAYQLMTDVFGNYVIQKFFEFGSLDQKLALA	1,2,3,4,5,6,7,8,9,10,11,12,13,14,15,16,17,18,19,20,21,22,23,24,25,26,27,28,29,30,31,32,33,34,35	ENSP00000338173	ENSG00000055917	ENST00000338086	GRCh37.75:2:complement(join(20527071..20527121,20518298..20518406,20511997..20512184,20511255..20511424,20508075..20508345,20507739..20507832,20497314..20497439,20494137..20494279,20490413..20490551,20483104..20483247,20482708..20482992,20478344..20478580,20462954..20463221,20460098..20460227,20458004..20458132,20455794..20455931,20454977..20455102,20454624..20454745,20453583..20453775,20451346..20451477))	2	1064	NP_056132 	1	35
73	PUM2.003	PUM2	PF00806	PUF	1.4e-11	39.4	836	870	sikgnlvqLstdqyGnyvvQkllehateeqkklil	ELDGHVLKCVKDQNGNHVVQKCIECVQPQSLQFII	1,2,3,4,5,6,7,8,9,10,11,12,13,14,15,16,17,18,19,20,21,22,23,24,25,26,27,28,29,30,31,32,33,34,35	ENSP00000354370	ENSG00000055917	ENST00000361078	GRCh37.75:2:complement(join(20527071..20527121,20518298..20518406,20511997..20512184,20511255..20511424,20508075..20508345,20507739..20507832,20497314..20497439,20494137..20494279,20490413..20490551,20483104..20483247,20482708..20482992,20478344..20478580,20462954..20463221,20460098..20460227,20457998..20458132,20455794..20455931,20454977..20455102,20454624..20454745,20453583..20453775,20451346..20451477))	2	1066	NP_001269681 	1	35
74	PUM2.003	PUM2	PF00806	PUF	2.1e-10	35.5	987	1021	sikgnlvqLstdqyGnyvvQkllehateeqkklil	GPHSALYTMMKDQYANYVVQKMIDMAEPAQRKIIM	1,2,3,4,5,6,7,8,9,10,11,12,13,14,15,16,17,18,19,20,21,22,23,24,25,26,27,28,29,30,31,32,33,34,35	ENSP00000354370	ENSG00000055917	ENST00000361078	GRCh37.75:2:complement(join(20527071..20527121,20518298..20518406,20511997..20512184,20511255..20511424,20508075..20508345,20507739..20507832,20497314..20497439,20494137..20494279,20490413..20490551,20483104..20483247,20482708..20482992,20478344..20478580,20462954..20463221,20460098..20460227,20457998..20458132,20455794..20455931,20454977..20455102,20454624..20454745,20453583..20453775,20451346..20451477))	2	1066	NP_001269681 	1	35
75	PUM2.003	PUM2	PF00806	PUF	2.1e-13	45.4	872	906	sikgnlvqLstdqyGnyvvQkllehateeqkklil	AFKGQVFVLSTHPYGCRVIQRILEHCTAEQTLPIL	1,2,3,4,5,6,7,8,9,10,11,12,13,14,15,16,17,18,19,20,21,22,23,24,25,26,27,28,29,30,31,32,33,34,35	ENSP00000354370	ENSG00000055917	ENST00000361078	GRCh37.75:2:complement(join(20527071..20527121,20518298..20518406,20511997..20512184,20511255..20511424,20508075..20508345,20507739..20507832,20497314..20497439,20494137..20494279,20490413..20490551,20483104..20483247,20482708..20482992,20478344..20478580,20462954..20463221,20460098..20460227,20457998..20458132,20455794..20455931,20454977..20455102,20454624..20454745,20453583..20453775,20451346..20451477))	2	1066	NP_001269681 	1	35
76	PUM2.003	PUM2	PF00806	PUF	2.9e-08	28.3	944	978	sikgnlvqLstdqyGnyvvQkllehateeqkklil	EIRGKVLALSQHKFASNVVEKCVTHASRAERALLI	1,2,3,4,5,6,7,8,9,10,11,12,13,14,15,16,17,18,19,20,21,22,23,24,25,26,27,28,29,30,31,32,33,34,35	ENSP00000354370	ENSG00000055917	ENST00000361078	GRCh37.75:2:complement(join(20527071..20527121,20518298..20518406,20511997..20512184,20511255..20511424,20508075..20508345,20507739..20507832,20497314..20497439,20494137..20494279,20490413..20490551,20483104..20483247,20482708..20482992,20478344..20478580,20462954..20463221,20460098..20460227,20457998..20458132,20455794..20455931,20454977..20455102,20454624..20454745,20453583..20453775,20451346..20451477))	2	1066	NP_001269681 	1	35
77	PUM2.003	PUM2	PF00806	PUF	3.3e-07	24.9	798	833	sikgnlvqLstdqyGnyvvQklleh.ateeqkklil	RIRGHVLPLALQMYGCRVIQKALESiSSDQQVISEM	1,2,3,4,5,6,7,8,9,10,11,12,13,14,15,16,17,18,19,20,21,22,23,24,25,a25-0,26,27,28,29,30,31,32,33,34,35	ENSP00000354370	ENSG00000055917	ENST00000361078	GRCh37.75:2:complement(join(20527071..20527121,20518298..20518406,20511997..20512184,20511255..20511424,20508075..20508345,20507739..20507832,20497314..20497439,20494137..20494279,20490413..20490551,20483104..20483247,20482708..20482992,20478344..20478580,20462954..20463221,20460098..20460227,20457998..20458132,20455794..20455931,20454977..20455102,20454624..20454745,20453583..20453775,20451346..20451477))	2	1066	NP_001269681 	1	35
78	PUM2.003	PUM2	PF00806	PUF	3.8e-11	37.9	726	760	sikgnlvqLstdqyGnyvvQkllehateeqkklil	DLIGHIVEFSQDQHGSRFIQQKLERATPAERQMVF	1,2,3,4,5,6,7,8,9,10,11,12,13,14,15,16,17,18,19,20,21,22,23,24,25,26,27,28,29,30,31,32,33,34,35	ENSP00000354370	ENSG00000055917	ENST00000361078	GRCh37.75:2:complement(join(20527071..20527121,20518298..20518406,20511997..20512184,20511255..20511424,20508075..20508345,20507739..20507832,20497314..20497439,20494137..20494279,20490413..20490551,20483104..20483247,20482708..20482992,20478344..20478580,20462954..20463221,20460098..20460227,20457998..20458132,20455794..20455931,20454977..20455102,20454624..20454745,20453583..20453775,20451346..20451477))	2	1066	NP_001269681 	1	35
79	PUM2.003	PUM2	PF00806	PUF	8e-13	43.5	908	942	sikgnlvqLstdqyGnyvvQkllehateeqkklil	ELHQHTEQLVQDQYGNYVIQHVLEHGRPEDKSKIV	1,2,3,4,5,6,7,8,9,10,11,12,13,14,15,16,17,18,19,20,21,22,23,24,25,26,27,28,29,30,31,32,33,34,35	ENSP00000354370	ENSG00000055917	ENST00000361078	GRCh37.75:2:complement(join(20527071..20527121,20518298..20518406,20511997..20512184,20511255..20511424,20508075..20508345,20507739..20507832,20497314..20497439,20494137..20494279,20490413..20490551,20483104..20483247,20482708..20482992,20478344..20478580,20462954..20463221,20460098..20460227,20457998..20458132,20455794..20455931,20454977..20455102,20454624..20454745,20453583..20453775,20451346..20451477))	2	1066	NP_001269681 	1	35
80	PUM2.003	PUM2	PF00806	PUF	9.9e-09	29.9	762	796	sikgnlvqLstdqyGnyvvQkllehateeqkklil	EILQAAYQLMTDVFGNYVIQKFFEFGSLDQKLALA	1,2,3,4,5,6,7,8,9,10,11,12,13,14,15,16,17,18,19,20,21,22,23,24,25,26,27,28,29,30,31,32,33,34,35	ENSP00000354370	ENSG00000055917	ENST00000361078	GRCh37.75:2:complement(join(20527071..20527121,20518298..20518406,20511997..20512184,20511255..20511424,20508075..20508345,20507739..20507832,20497314..20497439,20494137..20494279,20490413..20490551,20483104..20483247,20482708..20482992,20478344..20478580,20462954..20463221,20460098..20460227,20457998..20458132,20455794..20455931,20454977..20455102,20454624..20454745,20453583..20453775,20451346..20451477))	2	1066	NP_001269681 	1	35
81	PUM2.004	PUM2	PF00806	PUF	1.4e-11	39.4	834	868	sikgnlvqLstdqyGnyvvQkllehateeqkklil	ELDGHVLKCVKDQNGNHVVQKCIECVQPQSLQFII	1,2,3,4,5,6,7,8,9,10,11,12,13,14,15,16,17,18,19,20,21,22,23,24,25,26,27,28,29,30,31,32,33,34,35	ENSP00000385992	ENSG00000055917	ENST00000403432	GRCh37.75:2:complement(join(20527071..20527121,20518298..20518406,20511997..20512184,20511255..20511424,20508075..20508345,20507739..20507832,20497314..20497439,20494137..20494279,20490413..20490551,20483104..20483247,20482708..20482992,20478344..20478580,20462954..20463221,20460098..20460227,20458004..20458132,20455794..20455931,20454977..20455102,20454624..20454745,20453583..20453775,20451346..20451477))	2	1064	XP_011531023 	1	35
82	PUM2.004	PUM2	PF00806	PUF	2.1e-10	35.5	985	1019	sikgnlvqLstdqyGnyvvQkllehateeqkklil	GPHSALYTMMKDQYANYVVQKMIDMAEPAQRKIIM	1,2,3,4,5,6,7,8,9,10,11,12,13,14,15,16,17,18,19,20,21,22,23,24,25,26,27,28,29,30,31,32,33,34,35	ENSP00000385992	ENSG00000055917	ENST00000403432	GRCh37.75:2:complement(join(20527071..20527121,20518298..20518406,20511997..20512184,20511255..20511424,20508075..20508345,20507739..20507832,20497314..20497439,20494137..20494279,20490413..20490551,20483104..20483247,20482708..20482992,20478344..20478580,20462954..20463221,20460098..20460227,20458004..20458132,20455794..20455931,20454977..20455102,20454624..20454745,20453583..20453775,20451346..20451477))	2	1064	XP_011531023 	1	35
83	PUM2.004	PUM2	PF00806	PUF	2.1e-13	45.4	870	904	sikgnlvqLstdqyGnyvvQkllehateeqkklil	AFKGQVFVLSTHPYGCRVIQRILEHCTAEQTLPIL	1,2,3,4,5,6,7,8,9,10,11,12,13,14,15,16,17,18,19,20,21,22,23,24,25,26,27,28,29,30,31,32,33,34,35	ENSP00000385992	ENSG00000055917	ENST00000403432	GRCh37.75:2:complement(join(20527071..20527121,20518298..20518406,20511997..20512184,20511255..20511424,20508075..20508345,20507739..20507832,20497314..20497439,20494137..20494279,20490413..20490551,20483104..20483247,20482708..20482992,20478344..20478580,20462954..20463221,20460098..20460227,20458004..20458132,20455794..20455931,20454977..20455102,20454624..20454745,20453583..20453775,20451346..20451477))	2	1064	XP_011531023 	1	35
84	PUM2.004	PUM2	PF00806	PUF	2.9e-08	28.3	942	976	sikgnlvqLstdqyGnyvvQkllehateeqkklil	EIRGKVLALSQHKFASNVVEKCVTHASRAERALLI	1,2,3,4,5,6,7,8,9,10,11,12,13,14,15,16,17,18,19,20,21,22,23,24,25,26,27,28,29,30,31,32,33,34,35	ENSP00000385992	ENSG00000055917	ENST00000403432	GRCh37.75:2:complement(join(20527071..20527121,20518298..20518406,20511997..20512184,20511255..20511424,20508075..20508345,20507739..20507832,20497314..20497439,20494137..20494279,20490413..20490551,20483104..20483247,20482708..20482992,20478344..20478580,20462954..20463221,20460098..20460227,20458004..20458132,20455794..20455931,20454977..20455102,20454624..20454745,20453583..20453775,20451346..20451477))	2	1064	XP_011531023 	1	35
85	PUM2.004	PUM2	PF00806	PUF	3.8e-11	37.9	726	760	sikgnlvqLstdqyGnyvvQkllehateeqkklil	DLIGHIVEFSQDQHGSRFIQQKLERATPAERQMVF	1,2,3,4,5,6,7,8,9,10,11,12,13,14,15,16,17,18,19,20,21,22,23,24,25,26,27,28,29,30,31,32,33,34,35	ENSP00000385992	ENSG00000055917	ENST00000403432	GRCh37.75:2:complement(join(20527071..20527121,20518298..20518406,20511997..20512184,20511255..20511424,20508075..20508345,20507739..20507832,20497314..20497439,20494137..20494279,20490413..20490551,20483104..20483247,20482708..20482992,20478344..20478580,20462954..20463221,20460098..20460227,20458004..20458132,20455794..20455931,20454977..20455102,20454624..20454745,20453583..20453775,20451346..20451477))	2	1064	XP_011531023 	1	35
86	PUM2.004	PUM2	PF00806	PUF	4.7e-09	31.0	798	832	sikgnlvqLstdqyGnyvvQkllehateeqkklil	RIRGHVLPLALQMYGCRVIQKALESISSDQQSEMV	1,2,3,4,5,6,7,8,9,10,11,12,13,14,15,16,17,18,19,20,21,22,23,24,25,26,27,28,29,30,31,32,33,34,35	ENSP00000385992	ENSG00000055917	ENST00000403432	GRCh37.75:2:complement(join(20527071..20527121,20518298..20518406,20511997..20512184,20511255..20511424,20508075..20508345,20507739..20507832,20497314..20497439,20494137..20494279,20490413..20490551,20483104..20483247,20482708..20482992,20478344..20478580,20462954..20463221,20460098..20460227,20458004..20458132,20455794..20455931,20454977..20455102,20454624..20454745,20453583..20453775,20451346..20451477))	2	1064	XP_011531023 	1	35
87	PUM2.004	PUM2	PF00806	PUF	8e-13	43.5	906	940	sikgnlvqLstdqyGnyvvQkllehateeqkklil	ELHQHTEQLVQDQYGNYVIQHVLEHGRPEDKSKIV	1,2,3,4,5,6,7,8,9,10,11,12,13,14,15,16,17,18,19,20,21,22,23,24,25,26,27,28,29,30,31,32,33,34,35	ENSP00000385992	ENSG00000055917	ENST00000403432	GRCh37.75:2:complement(join(20527071..20527121,20518298..20518406,20511997..20512184,20511255..20511424,20508075..20508345,20507739..20507832,20497314..20497439,20494137..20494279,20490413..20490551,20483104..20483247,20482708..20482992,20478344..20478580,20462954..20463221,20460098..20460227,20458004..20458132,20455794..20455931,20454977..20455102,20454624..20454745,20453583..20453775,20451346..20451477))	2	1064	XP_011531023 	1	35
88	PUM2.004	PUM2	PF00806	PUF	9.9e-09	29.9	762	796	sikgnlvqLstdqyGnyvvQkllehateeqkklil	EILQAAYQLMTDVFGNYVIQKFFEFGSLDQKLALA	1,2,3,4,5,6,7,8,9,10,11,12,13,14,15,16,17,18,19,20,21,22,23,24,25,26,27,28,29,30,31,32,33,34,35	ENSP00000385992	ENSG00000055917	ENST00000403432	GRCh37.75:2:complement(join(20527071..20527121,20518298..20518406,20511997..20512184,20511255..20511424,20508075..20508345,20507739..20507832,20497314..20497439,20494137..20494279,20490413..20490551,20483104..20483247,20482708..20482992,20478344..20478580,20462954..20463221,20460098..20460227,20458004..20458132,20455794..20455931,20454977..20455102,20454624..20454745,20453583..20453775,20451346..20451477))	2	1064	XP_011531023 	1	35
89	PUM2.009	PUM2	PF00806	PUF	1.4e-11	39.4	646	680	sikgnlvqLstdqyGnyvvQkllehateeqkklil	ELDGHVLKCVKDQNGNHVVQKCIECVQPQSLQFII	1,2,3,4,5,6,7,8,9,10,11,12,13,14,15,16,17,18,19,20,21,22,23,24,25,26,27,28,29,30,31,32,33,34,35	ENSP00000409905	ENSG00000055917	ENST00000440577	GRCh37.75:2:complement(join(20511997..20512017,20511255..20511424,20508075..20508345,20507739..20507832,20497314..20497439,20494137..20494279,20490413..20490551,20483104..20483247,20482708..20482992,20462954..20463221,20460098..20460227,20458004..20458132,20455794..20455931,20454977..20455102,20454624..20454745,20453583..20453775,20451346..20451477))	2	876		1	35
90	PUM2.009	PUM2	PF00806	PUF	2.1e-10	35.5	797	831	sikgnlvqLstdqyGnyvvQkllehateeqkklil	GPHSALYTMMKDQYANYVVQKMIDMAEPAQRKIIM	1,2,3,4,5,6,7,8,9,10,11,12,13,14,15,16,17,18,19,20,21,22,23,24,25,26,27,28,29,30,31,32,33,34,35	ENSP00000409905	ENSG00000055917	ENST00000440577	GRCh37.75:2:complement(join(20511997..20512017,20511255..20511424,20508075..20508345,20507739..20507832,20497314..20497439,20494137..20494279,20490413..20490551,20483104..20483247,20482708..20482992,20462954..20463221,20460098..20460227,20458004..20458132,20455794..20455931,20454977..20455102,20454624..20454745,20453583..20453775,20451346..20451477))	2	876		1	35
91	PUM2.009	PUM2	PF00806	PUF	2.1e-13	45.4	682	716	sikgnlvqLstdqyGnyvvQkllehateeqkklil	AFKGQVFVLSTHPYGCRVIQRILEHCTAEQTLPIL	1,2,3,4,5,6,7,8,9,10,11,12,13,14,15,16,17,18,19,20,21,22,23,24,25,26,27,28,29,30,31,32,33,34,35	ENSP00000409905	ENSG00000055917	ENST00000440577	GRCh37.75:2:complement(join(20511997..20512017,20511255..20511424,20508075..20508345,20507739..20507832,20497314..20497439,20494137..20494279,20490413..20490551,20483104..20483247,20482708..20482992,20462954..20463221,20460098..20460227,20458004..20458132,20455794..20455931,20454977..20455102,20454624..20454745,20453583..20453775,20451346..20451477))	2	876		1	35
92	PUM2.009	PUM2	PF00806	PUF	2.9e-08	28.3	754	788	sikgnlvqLstdqyGnyvvQkllehateeqkklil	EIRGKVLALSQHKFASNVVEKCVTHASRAERALLI	1,2,3,4,5,6,7,8,9,10,11,12,13,14,15,16,17,18,19,20,21,22,23,24,25,26,27,28,29,30,31,32,33,34,35	ENSP00000409905	ENSG00000055917	ENST00000440577	GRCh37.75:2:complement(join(20511997..20512017,20511255..20511424,20508075..20508345,20507739..20507832,20497314..20497439,20494137..20494279,20490413..20490551,20483104..20483247,20482708..20482992,20462954..20463221,20460098..20460227,20458004..20458132,20455794..20455931,20454977..20455102,20454624..20454745,20453583..20453775,20451346..20451477))	2	876		1	35
93	PUM2.009	PUM2	PF00806	PUF	3.8e-11	37.9	538	572	sikgnlvqLstdqyGnyvvQkllehateeqkklil	DLIGHIVEFSQDQHGSRFIQQKLERATPAERQMVF	1,2,3,4,5,6,7,8,9,10,11,12,13,14,15,16,17,18,19,20,21,22,23,24,25,26,27,28,29,30,31,32,33,34,35	ENSP00000409905	ENSG00000055917	ENST00000440577	GRCh37.75:2:complement(join(20511997..20512017,20511255..20511424,20508075..20508345,20507739..20507832,20497314..20497439,20494137..20494279,20490413..20490551,20483104..20483247,20482708..20482992,20462954..20463221,20460098..20460227,20458004..20458132,20455794..20455931,20454977..20455102,20454624..20454745,20453583..20453775,20451346..20451477))	2	876		1	35
94	PUM2.009	PUM2	PF00806	PUF	4.7e-09	31.0	610	644	sikgnlvqLstdqyGnyvvQkllehateeqkklil	RIRGHVLPLALQMYGCRVIQKALESISSDQQSEMV	1,2,3,4,5,6,7,8,9,10,11,12,13,14,15,16,17,18,19,20,21,22,23,24,25,26,27,28,29,30,31,32,33,34,35	ENSP00000409905	ENSG00000055917	ENST00000440577	GRCh37.75:2:complement(join(20511997..20512017,20511255..20511424,20508075..20508345,20507739..20507832,20497314..20497439,20494137..20494279,20490413..20490551,20483104..20483247,20482708..20482992,20462954..20463221,20460098..20460227,20458004..20458132,20455794..20455931,20454977..20455102,20454624..20454745,20453583..20453775,20451346..20451477))	2	876		1	35
95	PUM2.009	PUM2	PF00806	PUF	8e-13	43.5	718	752	sikgnlvqLstdqyGnyvvQkllehateeqkklil	ELHQHTEQLVQDQYGNYVIQHVLEHGRPEDKSKIV	1,2,3,4,5,6,7,8,9,10,11,12,13,14,15,16,17,18,19,20,21,22,23,24,25,26,27,28,29,30,31,32,33,34,35	ENSP00000409905	ENSG00000055917	ENST00000440577	GRCh37.75:2:complement(join(20511997..20512017,20511255..20511424,20508075..20508345,20507739..20507832,20497314..20497439,20494137..20494279,20490413..20490551,20483104..20483247,20482708..20482992,20462954..20463221,20460098..20460227,20458004..20458132,20455794..20455931,20454977..20455102,20454624..20454745,20453583..20453775,20451346..20451477))	2	876		1	35
96	PUM2.009	PUM2	PF00806	PUF	9.9e-09	29.9	574	608	sikgnlvqLstdqyGnyvvQkllehateeqkklil	EILQAAYQLMTDVFGNYVIQKFFEFGSLDQKLALA	1,2,3,4,5,6,7,8,9,10,11,12,13,14,15,16,17,18,19,20,21,22,23,24,25,26,27,28,29,30,31,32,33,34,35	ENSP00000409905	ENSG00000055917	ENST00000440577	GRCh37.75:2:complement(join(20511997..20512017,20511255..20511424,20508075..20508345,20507739..20507832,20497314..20497439,20494137..20494279,20490413..20490551,20483104..20483247,20482708..20482992,20462954..20463221,20460098..20460227,20458004..20458132,20455794..20455931,20454977..20455102,20454624..20454745,20453583..20453775,20451346..20451477))	2	876		1	35
