,95,95 ratio,90,90 ratio,85,85 ratio,80,80 ratio
2OG-FeII_Oxy_3,1.0,0.0,0.7277,0.010416666666666666,0.9951,0.041666666666666664,0.9857,0.0520833333333
7TM_GPCR_Srsx,0.1226,0.22178988326848248,0.754,0.3346303501945525,0.7124,0.4785992217898833,0.4511,0.544747081712
7tm_1,0.0,0.6529850746268657,0.0,0.8694029850746269,0.0044,0.9253731343283582,0.0095,0.962686567164
7tm_2,0.4709,0.07755102040816327,0.1882,0.18775510204081633,0.0195,0.2653061224489796,0.0287,0.338775510204
7tm_3,0.6936,0.038461538461538464,0.352,0.07692307692307693,0.3866,0.12393162393162394,0.1076,0.179487179487
7tm_4,0.8326,0.7785714285714286,0.968,0.9214285714285714,0.8738,0.9714285714285714,0.818,0.989285714286
A2M,0.5309,0.05434782608695652,0.853,0.11956521739130435,0.7262,0.15217391304347827,0.582,0.184782608696
A2M_N,0.6218,0.020833333333333332,0.7205,0.0625,0.2065,0.10416666666666667,0.2598,0.125
A2M_N_2,0.4177,0.014388489208633094,0.6267,0.02877697841726619,0.0093,0.08633093525179857,0.055,0.122302158273
A2M_comp,0.5661,0.020080321285140562,0.4299,0.05622489959839357,0.7581,0.0963855421686747,0.6785,0.128514056225
A2M_recep,0.8922,0.03260869565217391,0.611,0.05434782608695652,0.7573,0.07608695652173914,0.4193,0.0978260869565
AAA,0.9333,0.045454545454545456,0.5876,0.11363636363636363,0.693,0.14393939393939395,0.3807,0.181818181818
AAA_11,0.3957,0.019083969465648856,0.8798,0.04961832061068702,0.9808,0.08396946564885496,0.9842,0.12213740458
AAA_12,0.9681,0.02,0.9669,0.055,0.8744,0.105,0.7961,0.135
AAA_17,0.1385,0.04411764705882353,0.5293,0.08823529411764706,0.6782,0.125,0.3821,0.161764705882
AAA_18,0.9882,0.03076923076923077,0.9516,0.07692307692307693,0.7305,0.1076923076923077,0.7654,0.138461538462
AAA_33,0.4947,0.006993006993006993,0.9211,0.03496503496503497,0.4527,0.06293706293706294,0.5813,0.0839160839161
AAA_5,0.619,0.09420289855072464,0.3602,0.14492753623188406,0.2865,0.2463768115942029,0.211,0.31884057971
AAA_6,0.779,0.03896103896103896,0.1162,0.07792207792207792,0.3577,0.11688311688311688,0.3671,0.17316017316
AAA_7,0.2501,0.04779411764705882,0.0434,0.11029411764705882,0.9629,0.17279411764705882,0.8053,0.216911764706
AAA_8,0.6103,0.03731343283582089,0.3152,0.1044776119402985,0.0121,0.17164179104477612,0.4855,0.276119402985
AAA_9,0.1634,0.04090909090909091,0.0048,0.11363636363636363,0.2721,0.19090909090909092,0.0564,0.254545454545
AA_permease,0.8078,0.025052192066805846,0.6072,0.09394572025052192,0.6465,0.13778705636743216,0.4065,0.189979123173
AA_permease_2,0.7764,0.03546099290780142,0.2074,0.08037825059101655,0.2672,0.12056737588652482,0.3701,0.156028368794
ABC2_membrane_3,0.2242,0.04057971014492753,0.3929,0.1072463768115942,0.4202,0.17101449275362318,0.4293,0.205797101449
ABC_membrane,0.213,0.06569343065693431,0.6772,0.14233576642335766,0.3271,0.20437956204379562,0.0851,0.266423357664
ABC_tran,0.3239,0.072992700729927,0.9642,0.20437956204379562,0.8834,0.26277372262773724,0.9969,0.335766423358
ADAM_CR,0.1459,0.017699115044247787,0.0789,0.10619469026548672,0.8722,0.17699115044247787,0.9317,0.221238938053
ADAM_spacer1,0.1646,0.043859649122807015,0.5414,0.08771929824561403,0.4033,0.17543859649122806,0.8821,0.210526315789
ADH_N,0.7252,0.01834862385321101,0.3817,0.05504587155963303,0.8042,0.11926605504587157,0.949,0.137614678899
ADH_zinc_N,0.5343,0.03076923076923077,0.7838,0.06153846153846154,0.3688,0.11538461538461539,0.6438,0.223076923077
ADK,0.559,0.046357615894039736,0.9928,0.09933774834437085,0.8427,0.13245033112582782,0.4877,0.172185430464
AMP-binding,0.0473,0.04964539007092199,0.8751,0.1182033096926714,0.9376,0.1867612293144208,0.9056,0.248226950355
AMP-binding_C,0.8378,0.02702702702702703,0.7155,0.0945945945945946,0.5682,0.12162162162162163,0.3144,0.22972972973
ANAPC3,1.0,0.0,0.4353,0.024390243902439025,0.7566,0.06097560975609756,0.732,0.0975609756098
ANAPC4_WD40,1.0,0.0,0.38,0.08695652173913043,0.3438,0.09782608695652174,0.4442,0.184782608696
ANATO,1.0,0.0,0.2241,0.027777777777777776,0.2244,0.027777777777777776,0.0792,0.0833333333333
ANF_receptor,0.3439,0.017045454545454544,0.5784,0.07954545454545454,0.4702,0.11931818181818182,0.3916,0.164772727273
APC_r,1.0,0.0,1.0,0.0,1.0,0.0,0.2534,0.0416666666667
APOBEC_C,0.1731,0.11538461538461539,0.0693,0.19230769230769232,0.0537,0.28205128205128205,0.1994,0.358974358974
APOBEC_N,0.6702,0.08571428571428572,0.0808,0.14285714285714285,0.0638,0.2057142857142857,0.4342,0.285714285714
ARID,1.0,0.0,1.0,0.0,1.0,0.0,0.0937,0.0114942528736
Aa_trans,0.6464,0.02689486552567237,0.4632,0.08557457212713937,0.4139,0.12469437652811736,0.1511,0.171149144254
Abhydrolase_1,0.5761,0.0390625,0.9307,0.08203125,0.691,0.13671875,0.1653,0.1953125
Abhydrolase_6,0.5411,0.018867924528301886,0.8041,0.04245283018867924,0.3945,0.06132075471698113,0.329,0.0943396226415
Acetyltransf_1,0.6547,0.02564102564102564,0.3868,0.05128205128205128,0.5801,0.09401709401709402,0.9775,0.128205128205
Actin,0.6212,0.044226044226044224,0.8993,0.09582309582309582,0.8349,0.14250614250614252,0.5413,0.17199017199
Acyl-CoA_dh_1,0.3651,0.02,0.4773,0.07333333333333333,0.7241,0.10666666666666667,0.3686,0.166666666667
Acyl-CoA_dh_2,0.3306,0.015151515151515152,0.6258,0.06060606060606061,0.4031,0.09848484848484848,0.1601,0.159090909091
Acyl-CoA_dh_M,0.4122,0.05154639175257732,0.8092,0.09278350515463918,0.9694,0.13402061855670103,0.9621,0.154639175258
Acyl-CoA_dh_N,1.0,0.0,0.0209,0.05309734513274336,0.1874,0.08849557522123894,0.7653,0.12389380531
Acyltransferase,0.1324,0.022388059701492536,0.1349,0.022388059701492536,0.1352,0.05970149253731343,0.4109,0.089552238806
Adap_comp_sub,0.8541,0.022727272727272728,0.8566,0.05303030303030303,0.8504,0.06818181818181818,0.4726,0.106060606061
Adaptin_N,0.1359,0.007633587786259542,0.1064,0.019083969465648856,0.2049,0.04198473282442748,0.125,0.0572519083969
Aldedh,0.3118,0.05627705627705628,0.0734,0.12987012987012986,0.0971,0.19480519480519481,0.3212,0.253246753247
Aldo_ket_red,0.6681,0.061855670103092786,0.8932,0.12714776632302405,0.7767,0.17869415807560138,0.8824,0.240549828179
Aminotran_1_2,0.7968,0.01652892561983471,0.5361,0.049586776859504134,0.0798,0.10192837465564739,0.3094,0.157024793388
Ank,0.112,0.125,0.4996,0.40625,0.4099,0.53125,0.527,0.5625
Ank_2,0.4463,0.23809523809523808,0.7981,0.42857142857142855,0.8591,0.47619047619047616,0.5946,0.619047619048
Ank_3,0.6521,0.0967741935483871,0.3183,0.25806451612903225,0.3219,0.3548387096774194,0.3339,0.387096774194
Ank_4,0.9697,0.14545454545454545,0.704,0.4,0.2469,0.5636363636363636,0.5802,0.654545454545
Ank_5,0.758,0.2857142857142857,0.4788,0.44642857142857145,0.8216,0.5178571428571429,0.5209,0.607142857143
Annexin,0.6703,0.12121212121212122,0.6523,0.19696969696969696,0.307,0.30303030303030304,0.3891,0.393939393939
Anticodon_1,0.9713,0.039735099337748346,0.9897,0.059602649006622516,0.9857,0.09271523178807947,0.9686,0.145695364238
Arf,0.7518,0.05714285714285714,0.4495,0.10285714285714286,0.8899,0.16,0.6897,0.2
ArfGap,0.0986,0.05128205128205128,0.0482,0.05982905982905983,0.0444,0.10256410256410256,0.0435,0.111111111111
Arm,0.9236,0.024390243902439025,0.9243,0.024390243902439025,0.7813,0.12195121951219512,0.9153,0.219512195122
Arm_2,0.5541,0.011811023622047244,0.1898,0.04330708661417323,0.1852,0.06692913385826772,0.3598,0.0866141732283
Arrestin_C,0.702,0.029197080291970802,0.1163,0.10218978102189781,0.0323,0.1386861313868613,0.0981,0.160583941606
Arrestin_N,0.5147,0.02054794520547945,0.9467,0.07534246575342465,0.7164,0.11643835616438356,0.627,0.184931506849
Asp,0.9848,0.012698412698412698,0.7578,0.050793650793650794,0.7513,0.0761904761904762,0.6542,0.114285714286
BACK,0.7844,0.038834951456310676,0.5288,0.05825242718446602,0.2765,0.11650485436893204,0.3948,0.223300970874
BAH,1.0,0.0,1.0,0.0,0.7044,0.01652892561983471,0.3798,0.0247933884298
BAR,0.0917,0.02092050209205021,0.325,0.05439330543933055,0.6731,0.09623430962343096,0.5445,0.112970711297
BAR_3,0.2895,0.004201680672268907,0.8329,0.012605042016806723,0.6927,0.04201680672268908,0.6031,0.0672268907563
BEN,1.0,0.0,1.0,0.0,1.0,0.0,0.858,0.012987012987
BEX,0.3461,0.016260162601626018,0.4996,0.04065040650406504,0.3235,0.04878048780487805,0.291,0.113821138211
BIR,0.0836,0.0136986301369863,0.0005,0.0410958904109589,0.0009,0.0410958904109589,0.1699,0.0821917808219
BNR_2,0.1499,0.014814814814814815,0.6739,0.05555555555555555,0.5993,0.10740740740740741,0.127,0.155555555556
BRCT,0.0482,0.02531645569620253,0.1179,0.06329113924050633,0.6769,0.13924050632911392,0.5666,0.151898734177
BTB,0.7155,0.06306306306306306,0.7457,0.11711711711711711,0.3658,0.17117117117117117,0.5533,0.207207207207
BTB_2,0.4378,0.02127659574468085,0.7956,0.05319148936170213,0.5816,0.06382978723404255,0.1014,0.117021276596
Band_7,0.8159,0.011299435028248588,0.9259,0.022598870056497175,0.7435,0.05649717514124294,0.5268,0.0734463276836
Bcl-2,0.225,0.03,0.0051,0.08,0.113,0.1,0.2031,0.15
Beta_helix,0.0799,0.006329113924050633,0.4484,0.012658227848101266,0.7552,0.02531645569620253,0.9963,0.0696202531646
Biotin_lipoyl,0.8291,0.0136986301369863,0.4467,0.0273972602739726,0.0522,0.0684931506849315,0.0545,0.0684931506849
Bromodomain,0.6054,0.03571428571428571,0.5884,0.03571428571428571,0.9213,0.07142857142857142,0.923,0.0714285714286
C1-set,0.5149,0.3707865168539326,0.9883,0.550561797752809,0.9482,0.6179775280898876,0.9264,0.662921348315
C1-set_C,0.8767,0.1509433962264151,0.9619,0.22641509433962265,0.9042,0.2641509433962264,0.7843,0.320754716981
C1_1,0.3433,0.018867924528301886,0.2518,0.03773584905660377,0.7904,0.09433962264150944,0.7943,0.0943396226415
C1q,0.1641,0.07874015748031496,0.1526,0.11811023622047244,0.5722,0.16535433070866143,0.2883,0.196850393701
C2,0.7281,0.11650485436893204,0.6599,0.20388349514563106,0.5119,0.23300970873786409,0.8957,0.427184466019
C2-set_2,0.0846,0.25555555555555554,0.981,0.3888888888888889,0.9822,0.5333333333333333,0.9869,0.577777777778
C4,0.8979,0.009009009009009009,0.9474,0.02702702702702703,0.8993,0.05405405405405406,0.4066,0.0900900900901
C8,0.8334,0.14492753623188406,0.9895,0.2463768115942029,0.8837,0.3333333333333333,0.4894,0.521739130435
CAMSAP_CH,0.0663,0.011764705882352941,0.5653,0.07058823529411765,0.7941,0.11764705882352941,0.7355,0.164705882353
CAP,0.1891,0.047619047619047616,0.2599,0.11904761904761904,0.2391,0.16666666666666666,0.5588,0.214285714286
CAP_GLY,1.0,0.0,0.2629,0.03076923076923077,0.4616,0.06153846153846154,0.393,0.123076923077
CARD,0.7888,0.08235294117647059,0.4528,0.1411764705882353,0.2584,0.25882352941176473,0.7026,0.317647058824
CBFD_NFYB_HMF,1.0,0.0,0.3433,0.03076923076923077,0.1241,0.046153846153846156,0.3156,0.0769230769231
CBS,0.9174,0.017543859649122806,0.9076,0.017543859649122806,0.6968,0.05263157894736842,0.9027,0.0701754385965
CCDC144C,0.5506,0.02622950819672131,0.2164,0.04590163934426229,0.596,0.06557377049180328,0.6172,0.0983606557377
CD20,0.2593,0.08333333333333333,0.3258,0.17307692307692307,0.1438,0.25,0.6067,0.326923076923
CD225,0.2085,0.014705882352941176,0.0222,0.029411764705882353,0.0214,0.08823529411764706,0.0474,0.102941176471
CENP-B_N,1.0,0.0,0.1214,0.03773584905660377,0.0229,0.07547169811320754,0.0017,0.11320754717
CH,0.094,0.027522935779816515,0.0346,0.06422018348623854,0.0049,0.09174311926605505,0.5722,0.155963302752
CIMR,0.7276,0.027972027972027972,0.0763,0.06993006993006994,0.6416,0.11888111888111888,0.6748,0.146853146853
CNH,0.2274,0.02181818181818182,0.2298,0.02181818181818182,0.3881,0.07636363636363637,0.2689,0.0872727272727
COLFI,0.3111,0.034334763948497854,0.6018,0.08583690987124463,0.4829,0.12875536480686695,0.3358,0.145922746781
COesterase,0.263,0.03696498054474708,0.0151,0.07976653696498054,0.0028,0.1264591439688716,0.0675,0.18093385214
CRAL_TRIO,0.5358,0.05660377358490566,0.2615,0.06918238993710692,0.1514,0.11949685534591195,0.0117,0.176100628931
CRAL_TRIO_2,0.0653,0.02158273381294964,0.7531,0.050359712230215826,0.6257,0.08633093525179857,0.236,0.122302158273
CS,0.9197,0.013157894736842105,0.8889,0.05263157894736842,0.7866,0.09210526315789473,0.88,0.118421052632
CSD,1.0,0.0,1.0,0.0,0.1827,0.015151515151515152,0.101,0.030303030303
CT47,0.4535,0.0036363636363636364,0.01,0.014545454545454545,0.59,0.02909090909090909,0.6665,0.0472727272727
CUB,0.4577,0.13636363636363635,0.8798,0.24545454545454545,0.5309,0.36363636363636365,0.6935,0.5
CUT,1.0,0.0,1.0,0.0,0.0015,0.02531645569620253,0.0014,0.0253164556962
Cadherin,0.6775,0.3225806451612903,0.6058,0.6774193548387096,0.479,0.7741935483870968,0.4145,0.913978494624
Cadherin_2,0.7019,0.12048192771084337,0.2688,0.20481927710843373,0.0908,0.27710843373493976,0.0703,0.361445783133
Cadherin_3,0.3133,0.12612612612612611,0.5947,0.2702702702702703,0.427,0.43243243243243246,0.3906,0.54954954955
Cadherin_C,0.8952,0.015151515151515152,0.8398,0.045454545454545456,0.2249,0.09848484848484848,0.9678,0.143939393939
Cadherin_C_2,0.4402,0.1411764705882353,0.488,0.25882352941176473,0.1655,0.38823529411764707,0.1022,0.435294117647
Cadherin_tail,0.118,0.022556390977443608,0.757,0.03759398496240601,0.7064,0.08270676691729323,0.4049,0.12030075188
Calpain_III,0.7965,0.04225352112676056,0.8403,0.13380281690140844,0.2845,0.20422535211267606,0.3009,0.288732394366
Calponin,1.0,0.0,1.0,0.0,0.635,0.04,0.4782,0.16
Calx-beta,0.9005,0.06,0.4345,0.17,0.4379,0.28,0.7028,0.37
Carb_anhydrase,0.1527,0.05511811023622047,0.4076,0.07874015748031496,0.3785,0.1062992125984252,0.5874,0.153543307087
CarboxypepD_reg,1.0,0.0,0.9292,0.025,0.3204,0.1,0.0467,0.1625
Cation_ATPase,0.454,0.02197802197802198,0.9482,0.12087912087912088,0.7411,0.17582417582417584,0.4323,0.208791208791
Cation_ATPase_C,1.0,0.0,0.2845,0.027472527472527472,0.1773,0.06043956043956044,0.754,0.0879120879121
Cation_ATPase_N,0.4524,0.028985507246376812,0.4832,0.07246376811594203,0.4194,0.10144927536231885,0.1395,0.144927536232
Choline_transpo,0.8397,0.012345679012345678,0.7202,0.021604938271604937,0.1814,0.05864197530864197,0.9781,0.108024691358
Chromo,1.0,0.0,0.1722,0.03636363636363636,0.0526,0.05454545454545454,0.3736,0.0909090909091
Cir_N,1.0,0.0,1.0,0.0,0.5336,0.02702702702702703,0.4808,0.0810810810811
Clat_adaptor_s,0.1528,0.014084507042253521,0.191,0.07746478873239436,0.2219,0.1267605633802817,0.0511,0.161971830986
Clathrin,0.6052,0.04895104895104895,0.2169,0.07692307692307693,0.2797,0.0979020979020979,0.7391,0.132867132867
Clathrin_propel,0.7432,0.05405405405405406,0.7477,0.05405405405405406,0.2149,0.10810810810810811,0.2217,0.108108108108
Claudin_2,0.2845,0.04145077720207254,0.1343,0.07253886010362694,0.1201,0.08808290155440414,0.4301,0.150259067358
Cnd1,0.9367,0.006172839506172839,0.2539,0.018518518518518517,0.0908,0.037037037037037035,0.0361,0.0617283950617
Cofilin_ADF,0.0309,0.007874015748031496,0.6322,0.03937007874015748,0.18,0.06299212598425197,0.3756,0.110236220472
Collagen,0.9257,0.38333333333333336,0.989,0.5666666666666667,0.9907,0.6833333333333333,0.9652,0.783333333333
Complex1_LYR,0.5733,0.06779661016949153,0.4419,0.1016949152542373,0.2969,0.1694915254237288,0.1176,0.305084745763
Connexin,0.5356,0.048672566371681415,0.1084,0.11504424778761062,0.6068,0.19911504424778761,0.5882,0.269911504425
Cpn60_TCP1,0.7989,0.024439918533604887,0.4245,0.04276985743380855,0.3115,0.07128309572301425,0.518,0.112016293279
Crystall,0.0788,0.07317073170731707,0.2171,0.18292682926829268,0.1234,0.25609756097560976,0.5176,0.341463414634
Cyclin_C,0.9781,0.025210084033613446,0.2443,0.07563025210084033,0.1818,0.1092436974789916,0.125,0.117647058824
Cyclin_N,0.4715,0.007874015748031496,0.4862,0.05511811023622047,0.2573,0.07874015748031496,0.5038,0.125984251969
Cys_knot,0.8288,0.0380952380952381,0.7005,0.08571428571428572,0.9522,0.12380952380952381,0.9275,0.133333333333
Cys_rich_FGFR,1.0,0.0,1.0,0.0,1.0,0.0,0.0998,0.0172413793103
Cystatin,0.8052,0.13043478260869565,0.3893,0.2391304347826087,0.1449,0.29347826086956524,0.4292,0.358695652174
Cyt-b5,1.0,0.0,0.084,0.013513513513513514,0.0797,0.05405405405405406,0.3986,0.0810810810811
DAGK_cat,1.0,0.0,0.6262,0.023809523809523808,0.9294,0.05555555555555555,0.7815,0.0634920634921
DCX,0.1375,0.01694915254237288,0.6708,0.1016949152542373,0.6755,0.1016949152542373,0.4836,0.152542372881
DDE_1,0.9196,0.017142857142857144,0.2023,0.04,0.2405,0.06857142857142857,0.3392,0.125714285714
DEAD,0.9737,0.03977272727272727,0.7867,0.10795454545454546,0.2576,0.1590909090909091,0.1646,0.215909090909
DENN,0.8838,0.021505376344086023,0.8634,0.05913978494623656,0.9443,0.07526881720430108,0.8643,0.112903225806
DEP,0.1006,0.06944444444444445,0.2481,0.09722222222222222,0.0262,0.16666666666666666,0.1535,0.208333333333
DHC_N2,0.297,0.057356608478802994,0.2951,0.12219451371571072,0.4377,0.1970074812967581,0.6628,0.244389027431
DHR-2,0.8199,0.003787878787878788,0.3292,0.02462121212121212,0.2435,0.045454545454545456,0.0928,0.0757575757576
DOCK-C2,0.0863,0.041884816753926704,0.6684,0.08376963350785341,0.5145,0.1099476439790576,0.5287,0.146596858639
DSPc,0.5552,0.06015037593984962,0.5665,0.09774436090225563,0.121,0.15037593984962405,0.1468,0.187969924812
DUF1220,0.4472,0.3333333333333333,0.2216,0.4393939393939394,0.4442,0.48484848484848486,0.4463,0.484848484848
DUF1986,0.9075,0.1206896551724138,0.9014,0.22413793103448276,0.85,0.33620689655172414,0.8645,0.456896551724
DUF4599,0.3339,0.03409090909090909,0.9,0.10227272727272728,0.8387,0.11363636363636363,0.9842,0.147727272727
Death,0.6522,0.023255813953488372,0.2085,0.08139534883720931,0.0327,0.11627906976744186,0.1946,0.220930232558
Defensin_beta_2,0.4885,0.16666666666666666,0.3,0.23333333333333334,0.7154,0.36666666666666664,0.4908,0.533333333333
Disintegrin,0.6069,0.05263157894736842,0.6152,0.05263157894736842,0.7153,0.13157894736842105,0.5131,0.210526315789
DnaJ,0.6965,0.015873015873015872,0.828,0.1111111111111111,0.8266,0.1111111111111111,0.3597,0.190476190476
Dynamin_N,0.6459,0.023809523809523808,0.2156,0.07142857142857142,0.6265,0.09523809523809523,0.3602,0.119047619048
Dynein_heavy,0.7431,0.05128205128205128,0.4703,0.10256410256410256,0.5237,0.16809116809116809,0.3129,0.236467236467
E1-E2_ATPase,0.9913,0.02262443438914027,0.2652,0.06787330316742081,0.5258,0.13122171945701358,0.0508,0.190045248869
E2F_TDP,1.0,0.0,0.5049,0.014084507042253521,0.8974,0.028169014084507043,0.8751,0.0422535211268
ECH_1,0.7164,0.035856573705179286,0.9085,0.07171314741035857,0.6618,0.12350597609561753,0.8468,0.167330677291
EF-hand_1,0.9736,0.2413793103448276,0.8969,0.27586206896551724,0.6884,0.3448275862068966,0.8875,0.551724137931
EF-hand_4,0.9801,0.009615384615384616,0.8168,0.019230769230769232,0.7973,0.04807692307692308,0.8866,0.0576923076923
EF-hand_5,0.9747,0.08,0.5712,0.16,0.3522,0.24,0.3534,0.24
EF-hand_6,0.906,0.12903225806451613,0.6847,0.16129032258064516,0.226,0.41935483870967744,0.2316,0.483870967742
EF-hand_7,0.145,0.11267605633802817,0.2596,0.18309859154929578,0.1662,0.28169014084507044,0.0827,0.380281690141
EF-hand_8,0.5633,0.09259259259259259,0.371,0.16666666666666666,0.3485,0.2037037037037037,0.1994,0.296296296296
EF-hand_like,0.9381,0.03488372093023256,0.7278,0.046511627906976744,0.4902,0.08139534883720931,0.4113,0.127906976744
EGF,0.0694,0.21875,0.3571,0.53125,0.9533,0.8125,0.9836,0.84375
EGF_2,0.4332,0.15625,0.98,0.375,0.9881,0.46875,0.9718,0.6875
EGF_3,0.2659,0.1111111111111111,0.3697,0.3055555555555556,0.8712,0.4444444444444444,0.9623,0.5
EGF_CA,0.7239,0.42857142857142855,0.9456,0.5476190476190477,0.8378,0.6190476190476191,0.9232,0.642857142857
ELM2,0.0823,0.018867924528301886,0.1076,0.05660377358490566,0.2964,0.07547169811320754,0.2955,0.0754716981132
EMI,0.5054,0.014925373134328358,0.8872,0.14925373134328357,0.8866,0.14925373134328357,0.8066,0.179104477612
EMP24_GP25L,0.9618,0.01098901098901099,0.3246,0.04395604395604396,0.5774,0.07692307692307693,0.284,0.10989010989
EPTP,0.0468,0.022727272727272728,0.3623,0.06818181818181818,0.7134,0.09090909090909091,0.6787,0.113636363636
EamA,1.0,0.0,0.7677,0.014598540145985401,0.4988,0.06569343065693431,0.8695,0.131386861314
EphA2_TM,0.2242,0.025974025974025976,0.076,0.12987012987012986,0.6105,0.18181818181818182,0.3784,0.233766233766
Ephrin_lbd,0.9011,0.02247191011235955,0.8088,0.03932584269662921,0.9091,0.06741573033707865,0.6342,0.101123595506
Ephrin_rec_like,0.9903,0.0625,0.7081,0.14583333333333334,0.5088,0.22916666666666666,0.6421,0.25
Epiglycanin_TR,0.8931,0.10294117647058823,0.6592,0.17647058823529413,0.7002,0.29411764705882354,0.7433,0.308823529412
Epimerase,0.2528,0.02074688796680498,0.6897,0.04979253112033195,0.1901,0.1037344398340249,0.588,0.170124481328
Ets,1.0,0.0,0.3235,0.012345679012345678,0.321,0.012345679012345678,0.3115,0.0493827160494
Exo_endo_phos,0.7229,0.017699115044247787,0.9983,0.04424778761061947,0.8897,0.07964601769911504,0.8462,0.0973451327434
F-box,1.0,0.0,0.7769,0.08333333333333333,0.6224,0.16666666666666666,0.3499,0.229166666667
F-box-like,0.0417,0.020833333333333332,0.0692,0.08333333333333333,0.0768,0.125,0.0041,0.229166666667
F420_oxidored,0.696,0.030927835051546393,0.9832,0.061855670103092786,0.9869,0.061855670103092786,0.7808,0.113402061856
F5_F8_type_C,0.5679,0.031496062992125984,0.1122,0.07086614173228346,0.554,0.10236220472440945,0.4786,0.157480314961
FA,1.0,0.0,1.0,0.0,0.6377,0.06818181818181818,0.9159,0.113636363636
FAM47,0.7371,0.038910505836575876,0.5456,0.0933852140077821,0.413,0.14785992217898833,0.2675,0.221789883268
FCH,0.7912,0.025974025974025976,0.2953,0.05194805194805195,0.5607,0.1038961038961039,0.6336,0.142857142857
FERM_C,0.107,0.031914893617021274,0.0388,0.06382978723404255,0.1437,0.10638297872340426,0.4696,0.117021276596
FERM_M,0.9063,0.05084745762711865,0.8187,0.0847457627118644,0.3856,0.1271186440677966,0.2316,0.228813559322
FERM_N,0.1954,0.046153846153846156,0.2075,0.06153846153846154,0.7746,0.12307692307692308,0.7636,0.215384615385
FF,1.0,0.0,1.0,0.0,0.8218,0.0196078431372549,0.828,0.0196078431373
FG-GAP,0.3157,0.08108108108108109,0.3263,0.13513513513513514,0.3143,0.13513513513513514,0.5571,0.162162162162
FGF,0.3373,0.016,0.4871,0.04,0.338,0.104,0.3104,0.152
FH2,0.9196,0.013440860215053764,0.3993,0.043010752688172046,0.072,0.07526881720430108,0.0285,0.126344086022
FHA,0.323,0.014492753623188406,0.59,0.043478260869565216,0.9753,0.10144927536231885,0.874,0.159420289855
FKBP_C,0.7094,0.02127659574468085,0.7353,0.06382978723404255,0.6232,0.10638297872340426,0.4928,0.18085106383
FXa_inhibition,0.3732,0.1111111111111111,0.7886,0.25,0.9267,0.3611111111111111,0.8537,0.555555555556
FYVE,1.0,0.0,0.0871,0.014705882352941176,0.0804,0.029411764705882353,0.0991,0.0441176470588
Fasciclin,0.166,0.015625,0.6161,0.0703125,0.2992,0.1640625,0.0302,0.234375
Fascin,0.2435,0.05405405405405406,0.5822,0.0990990990990991,0.2519,0.17117117117117117,0.0448,0.297297297297
Ferric_reduct,0.9971,0.07258064516129033,0.674,0.13709677419354838,0.771,0.18548387096774194,0.6938,0.209677419355
Fibrinogen_C,0.8488,0.03619909502262444,0.2641,0.11764705882352941,0.7823,0.167420814479638,0.5033,0.244343891403
Filaggrin,0.9326,0.25,0.8737,0.375,0.8631,0.39285714285714285,0.8037,0.571428571429
Filament,0.9056,0.1794871794871795,0.9807,0.266025641025641,0.6764,0.3942307692307692,0.9885,0.496794871795
Filamin,0.7644,0.06796116504854369,0.8343,0.0970873786407767,0.7218,0.1553398058252427,0.3026,0.223300970874
Forkhead,0.1288,0.04878048780487805,0.0158,0.08536585365853659,0.0061,0.0975609756097561,0.0529,0.121951219512
Frizzled,0.5648,0.009259259259259259,0.9505,0.018518518518518517,0.2885,0.040123456790123455,0.2688,0.0524691358025
Fz,0.1209,0.05405405405405406,0.0139,0.10810810810810811,0.6696,0.16216216216216217,0.7916,0.225225225225
G-alpha,0.2307,0.005813953488372093,0.6516,0.029069767441860465,0.0971,0.04941860465116279,0.1178,0.0726744186047
G-gamma,0.347,0.05970149253731343,0.2063,0.07462686567164178,0.3432,0.08955223880597014,0.8106,0.194029850746
G-patch,0.9207,0.044444444444444446,0.9245,0.044444444444444446,0.9976,0.06666666666666667,0.8972,0.0888888888889
G-patch_2,0.7865,0.01639344262295082,0.5757,0.03278688524590164,0.5831,0.03278688524590164,0.0539,0.0819672131148
GAF,0.6014,0.04580152671755725,0.7449,0.08396946564885496,0.739,0.1450381679389313,0.4446,0.18320610687
GAGE,0.5153,0.08411214953271028,0.1998,0.11214953271028037,0.657,0.14953271028037382,0.605,0.158878504673
GATA,1.0,0.0,1.0,0.0,1.0,0.0,0.278,0.0277777777778
GBP,0.5791,0.046153846153846156,0.7684,0.09615384615384616,0.8657,0.15,0.7031,0.176923076923
GDNF,0.1534,0.02247191011235955,0.5461,0.056179775280898875,0.4896,0.0898876404494382,0.5718,0.157303370787
GPHH,1.0,0.0,1.0,0.0,0.5629,0.014084507042253521,0.9345,0.0704225352113
GPS,0.2521,0.07142857142857142,0.0873,0.09523809523809523,0.2479,0.23809523809523808,0.4866,0.380952380952
GRAM,0.5733,0.017543859649122806,0.3632,0.06140350877192982,0.2198,0.07017543859649122,0.1086,0.0964912280702
GRIP,1.0,0.0,1.0,0.0,1.0,0.0,1.0,0.0
GST_C,0.013,0.0967741935483871,0.1863,0.16129032258064516,0.319,0.20430107526881722,0.1413,0.236559139785
GST_C_2,0.0189,0.02857142857142857,0.0418,0.07142857142857142,0.2378,0.11428571428571428,0.0532,0.157142857143
GST_C_3,0.027,0.09090909090909091,0.9701,0.16161616161616163,0.7208,0.20202020202020202,0.3199,0.292929292929
GST_N,0.6868,0.05263157894736842,0.1308,0.13157894736842105,0.0087,0.23684210526315788,0.0119,0.276315789474
GST_N_2,0.3002,0.04285714285714286,0.3038,0.04285714285714286,0.703,0.07142857142857142,0.4304,0.1
GST_N_3,0.1381,0.04,0.1351,0.04,0.0731,0.05333333333333334,0.4896,0.106666666667
GTF2I,1.0,0.0,1.0,0.0,1.0,0.0,1.0,0.0
GTP_EFTU,0.3008,0.010309278350515464,0.1142,0.03608247422680412,0.0919,0.07216494845360824,0.3082,0.103092783505
GTP_EFTU_D2,1.0,0.0,0.0105,0.02702702702702703,0.2074,0.04054054054054054,0.44,0.0675675675676
Gal-bind_lectin,0.4235,0.05970149253731343,0.3393,0.13432835820895522,0.2111,0.1865671641791045,0.1646,0.208955223881
Galactosyl_T,0.5502,0.02564102564102564,0.9463,0.05128205128205128,0.8766,0.11282051282051282,0.723,0.14358974359
Gelsolin,0.7355,0.09210526315789473,0.9635,0.17105263157894737,0.8098,0.2894736842105263,0.9641,0.355263157895
Gla,1.0,0.0,0.5427,0.024390243902439025,0.9311,0.0975609756097561,0.6293,0.146341463415
Globin,0.7275,0.00909090909090909,0.7069,0.07272727272727272,0.1918,0.10909090909090909,0.204,0.181818181818
Glutaredoxin,1.0,0.0,0.4594,0.016666666666666666,0.3313,0.05,0.335,0.05
Glyco_hydro_31,0.5048,0.03908045977011494,0.7818,0.0896551724137931,0.2053,0.135632183908046,0.0269,0.206896551724
Glyco_transf_29,0.7155,0.01845018450184502,0.9085,0.04059040590405904,0.6335,0.09225092250922509,0.5482,0.121771217712
Glyco_transf_7C,0.5714,0.038461538461538464,0.3638,0.07692307692307693,0.3267,0.08974358974358974,0.1756,0.115384615385
Glycos_transf_2,0.8282,0.03529411764705882,0.6911,0.11764705882352941,0.8828,0.17647058823529413,0.6701,0.205882352941
GoLoco,0.9092,0.045454545454545456,0.9092,0.045454545454545456,0.9141,0.045454545454545456,0.7066,0.136363636364
Guanylate_cyc,0.8558,0.01639344262295082,0.079,0.04918032786885246,0.0976,0.07650273224043716,0.0323,0.109289617486
Guanylate_kin,0.5781,0.016483516483516484,0.1423,0.03296703296703297,0.3563,0.054945054945054944,0.3124,0.0769230769231
HA2,0.605,0.00980392156862745,0.5173,0.029411764705882353,0.1167,0.049019607843137254,0.0407,0.078431372549
HATPase_c,0.0183,0.018018018018018018,0.0164,0.018018018018018018,0.3926,0.05405405405405406,0.6259,0.0630630630631
HATPase_c_3,0.0797,0.014598540145985401,0.4198,0.021897810218978103,0.9118,0.06569343065693431,0.8179,0.0802919708029
HEAT,1.0,0.0,0.4527,0.03225806451612903,0.1291,0.0967741935483871,0.1287,0.0967741935484
HEAT_2,1.0,0.0,0.784,0.03409090909090909,0.7366,0.056818181818181816,0.5363,0.0909090909091
HEAT_EZ,0.4359,0.03636363636363636,0.3672,0.10909090909090909,0.044,0.18181818181818182,0.0231,0.2
HECT,0.7073,0.003257328990228013,0.7429,0.02280130293159609,0.1515,0.05211726384364821,0.4677,0.0684039087948
HLH,0.5269,0.03636363636363636,0.6268,0.10909090909090909,0.869,0.12727272727272726,0.7596,0.181818181818
HMA,0.5837,0.016129032258064516,0.3056,0.08064516129032258,0.691,0.12903225806451613,0.5881,0.161290322581
HMG_box,1.0,0.0,0.3485,0.028985507246376812,0.5668,0.08695652173913043,0.7202,0.115942028986
HMG_box_2,0.4928,0.0273972602739726,0.5559,0.0547945205479452,0.3732,0.0958904109589041,0.0718,0.164383561644
HR1,0.9553,0.014492753623188406,0.2985,0.057971014492753624,0.1529,0.14492753623188406,0.2824,0.231884057971
HRM,0.1457,0.046153846153846156,0.6029,0.1076923076923077,0.1924,0.16923076923076924,0.1685,0.230769230769
HS1_rep,1.0,0.0,1.0,0.0,1.0,0.027777777777777776,0.7775,0.111111111111
HSF_DNA-bind,1.0,0.0,1.0,0.0,0.2523,0.020833333333333332,0.1118,0.03125
HSP20,0.9383,0.01,0.0655,0.09,0.5303,0.14,0.3433,0.19
HSP70,0.0075,0.02003338898163606,0.564,0.03672787979966611,0.7908,0.05843071786310518,0.4616,0.093489148581
HTH_Tnp_Tc5,0.3001,0.030303030303030304,0.802,0.06060606060606061,0.4379,0.13636363636363635,0.1728,0.181818181818
Hairy_orange,1.0,0.0,0.8029,0.025,0.3589,0.1,0.9389,0.25
Helicase_C,0.1514,0.06306306306306306,0.433,0.10810810810810811,0.1535,0.17117117117117117,0.3381,0.225225225225
Hemopexin,0.8963,0.06666666666666667,0.6893,0.13333333333333333,0.0946,0.24444444444444444,0.6751,0.444444444444
His_Phos_1,0.3883,0.02577319587628866,0.0924,0.04639175257731959,0.876,0.09278350515463918,0.9986,0.128865979381
Hist_deacetyl,0.7052,0.0032679738562091504,0.9033,0.013071895424836602,0.4551,0.02287581699346405,0.366,0.0424836601307
Histone,0.874,0.03787878787878788,0.722,0.08333333333333333,0.553,0.12878787878787878,0.3181,0.181818181818
Histone_H2A_C,1.0,0.0,0.9154,0.02857142857142857,0.9176,0.02857142857142857,0.9161,0.0285714285714
HlyIII,0.2611,0.008928571428571428,0.5522,0.017857142857142856,0.386,0.03571428571428571,0.4325,0.0669642857143
Homeobox,0.4129,0.05263157894736842,0.0749,0.12280701754385964,0.3076,0.15789473684210525,0.7416,0.175438596491
Homeobox_KN,1.0,0.0,1.0,0.0,0.4482,0.025,0.4542,0.025
Hormone_recep,0.5106,0.02403846153846154,0.1702,0.03365384615384615,0.0767,0.057692307692307696,0.0134,0.0913461538462
Humanin,0.4032,0.16666666666666666,0.5867,0.25,0.2358,0.4166666666666667,0.1571,0.541666666667
Hyd_WA,1.0,0.0,0.5372,0.03333333333333333,0.4513,0.1,0.8826,0.2
Hydrolase,0.6213,0.04285714285714286,0.8426,0.09047619047619047,0.9505,0.1523809523809524,0.8502,0.180952380952
Hydrolase_4,0.1207,0.03347280334728033,0.3961,0.06694560669456066,0.5212,0.08786610878661087,0.8704,0.150627615063
I-set,0.8137,0.24444444444444444,0.2246,0.6333333333333333,0.7815,0.8444444444444444,0.8629,0.9
IBN_N,0.6821,0.013513513513513514,0.3398,0.02702702702702703,0.1443,0.04054054054054054,0.0556,0.0540540540541
IBR,0.735,0.016129032258064516,0.4399,0.06451612903225806,0.926,0.08064516129032258,0.9617,0.112903225806
IGFBP,0.6141,0.05454545454545454,0.9233,0.2,0.8115,0.23636363636363636,0.8115,0.290909090909
IL6Ra-bind,0.4893,0.041666666666666664,0.6884,0.09375,0.8384,0.13541666666666666,0.3522,0.177083333333
IL8,0.6734,0.11666666666666667,0.1929,0.23333333333333334,0.3051,0.2833333333333333,0.2055,0.366666666667
INT_SG_DDX_CT_C,1.0,0.0,0.4797,0.06349206349206349,0.4915,0.06349206349206349,0.4817,0.0634920634921
IQ,0.5241,0.14285714285714285,0.9451,0.19047619047619047,0.9985,0.2857142857142857,0.9367,0.52380952381
IRK,0.3258,0.021212121212121213,0.0136,0.048484848484848485,0.0143,0.06363636363636363,0.2164,0.124242424242
IRS,0.1122,0.02,0.1332,0.04,0.8175,0.06,0.5321,0.1
Ig_2,0.0981,0.34177215189873417,0.6751,0.6835443037974683,0.7122,0.7721518987341772,0.8496,0.886075949367
Ig_3,0.7856,0.24050632911392406,0.6725,0.5569620253164557,0.568,0.7974683544303798,0.781,0.924050632911
Integrin_alpha,1.0,0.0,1.0,0.0,0.7995,0.13333333333333333,0.6548,0.333333333333
Integrin_alpha2,0.9237,0.042826552462526764,0.0851,0.11134903640256959,0.5792,0.15203426124197003,0.5169,0.20556745182
Interfer-bind,0.6235,0.057692307692307696,0.3101,0.15384615384615385,0.5443,0.20192307692307693,0.3955,0.25
Interferon,0.8021,0.0875,0.5419,0.15,0.4325,0.28125,0.8012,0.35
Involucrin,0.9753,0.2,0.221,0.6,0.1584,0.8,0.2057,0.9
Ion_trans,0.7636,0.044897959183673466,0.4611,0.10612244897959183,0.1521,0.17142857142857143,0.0506,0.248979591837
Ion_trans_2,0.5235,0.0379746835443038,0.573,0.06329113924050633,0.8185,0.11392405063291139,0.9261,0.177215189873
JAB,1.0,0.0,0.0671,0.00847457627118644,0.1782,0.0423728813559322,0.3983,0.0508474576271
JmjC,0.8022,0.02631578947368421,0.9188,0.043859649122807015,0.723,0.06140350877192982,0.5594,0.0789473684211
JmjN,0.5305,0.029411764705882353,0.5382,0.029411764705882353,0.6632,0.08823529411764706,0.4802,0.117647058824
K167R,0.0665,0.16071428571428573,0.8119,0.29464285714285715,0.7038,0.35714285714285715,0.6797,0.375
KH_1,1.0,0.0,0.3979,0.015151515151515152,0.0462,0.045454545454545456,0.0099,0.0757575757576
KOW,1.0,0.0,1.0,0.0,0.8893,0.0625,0.8902,0.0625
KR,0.6198,0.044444444444444446,0.3513,0.1388888888888889,0.27,0.2388888888888889,0.4071,0.272222222222
KRAB,0.0812,0.19047619047619047,0.0052,0.42857142857142855,0.12,0.4523809523809524,0.6971,0.547619047619
KRTAP,0.1071,0.07692307692307693,0.3283,0.16923076923076924,0.1686,0.2,0.9446,0.307692307692
Kazal_1,0.2382,0.14285714285714285,0.2013,0.2857142857142857,0.1414,0.3877551020408163,0.1427,0.387755102041
Kazal_2,0.6591,0.16666666666666666,0.9111,0.30952380952380953,0.676,0.5238095238095238,0.3145,0.571428571429
Kelch_1,0.9095,0.043478260869565216,0.7099,0.10869565217391304,0.7414,0.15217391304347827,0.6811,0.260869565217
Kelch_2,0.0141,0.08163265306122448,0.0053,0.10204081632653061,0.0371,0.16326530612244897,0.1292,0.244897959184
Kelch_3,0.9786,0.02040816326530612,0.9327,0.08163265306122448,0.928,0.08163265306122448,0.9052,0.163265306122
Kelch_4,0.2174,0.04081632653061224,0.1132,0.10204081632653061,0.1397,0.16326530612244897,0.0854,0.204081632653
Kelch_5,1.0,0.0,0.5216,0.023809523809523808,0.664,0.07142857142857142,0.6716,0.0714285714286
Kelch_6,0.1051,0.06,0.0787,0.1,0.0442,0.16,0.0063,0.22
Keratin_2_head,0.4297,0.14906832298136646,0.424,0.22981366459627328,0.2549,0.3167701863354037,0.5242,0.372670807453
Keratin_B2,0.2804,0.23170731707317074,0.5426,0.3597560975609756,0.3424,0.4146341463414634,0.2896,0.469512195122
Keratin_B2_2,0.8939,0.6666666666666666,0.6054,0.8222222222222222,0.1201,0.9333333333333333,0.1168,0.933333333333
Kinesin,0.7507,0.024024024024024024,0.6856,0.07207207207207207,0.6988,0.12912912912912913,0.5394,0.213213213213
Kringle,0.679,0.0759493670886076,0.4384,0.13924050632911392,0.1454,0.2911392405063291,0.112,0.341772151899
Kunitz_BPTI,0.6805,0.11320754716981132,0.4341,0.16981132075471697,0.5894,0.24528301886792453,0.8808,0.377358490566
L27,0.8663,0.018867924528301886,0.9368,0.03773584905660377,0.5989,0.05660377358490566,0.2486,0.0943396226415
LBP_BPI_CETP,0.7168,0.09146341463414634,0.2875,0.17073170731707318,0.6234,0.2621951219512195,0.8337,0.335365853659
LCE,0.4853,0.11842105263157894,0.44,0.25,0.6979,0.32894736842105265,0.862,0.421052631579
LIM,0.5459,0.10344827586206896,0.5475,0.10344827586206896,0.3396,0.20689655172413793,0.8114,0.258620689655
LRRC37,0.6568,0.0273972602739726,0.6653,0.0273972602739726,0.6415,0.0547945205479452,0.4352,0.0684931506849
LRRCT,1.0,0.0,0.1915,0.07692307692307693,0.6372,0.19230769230769232,0.8877,0.307692307692
LRRNT,0.2893,0.03571428571428571,0.7369,0.10714285714285714,0.6272,0.21428571428571427,0.9546,0.321428571429
LRR_4,0.1444,0.09302325581395349,0.1389,0.18604651162790697,0.2526,0.23255813953488372,0.0489,0.418604651163
LRR_5,0.0444,0.0390625,0.258,0.0625,0.663,0.1015625,0.1782,0.1953125
LRR_6,0.4711,0.08333333333333333,0.8481,0.20833333333333334,0.9554,0.2916666666666667,0.8879,0.416666666667
LRR_8,0.6055,0.16393442622950818,0.4793,0.32786885245901637,0.4414,0.4918032786885246,0.5225,0.72131147541
LRR_9,0.725,0.02857142857142857,0.5288,0.08571428571428572,0.195,0.11428571428571428,0.4311,0.16
LSM,1.0,0.0,1.0,0.0,1.0,0.0,0.0029,0.0298507462687
Laminin_B,0.2663,0.07575757575757576,0.069,0.16666666666666666,0.3475,0.25,0.1604,0.30303030303
Laminin_EGF,0.5917,0.20408163265306123,0.8511,0.42857142857142855,0.5479,0.4897959183673469,0.797,0.612244897959
Laminin_G_1,0.6699,0.09923664122137404,0.3759,0.20610687022900764,0.5305,0.3053435114503817,0.8543,0.427480916031
Laminin_G_2,0.9778,0.1111111111111111,0.8688,0.1984126984126984,0.8894,0.3333333333333333,0.9426,0.404761904762
Laminin_G_3,0.526,0.06578947368421052,0.2012,0.09868421052631579,0.3348,0.1513157894736842,0.3194,0.236842105263
Laminin_N,0.8735,0.038461538461538464,0.8836,0.07692307692307693,0.411,0.11538461538461539,0.1521,0.149572649573
Ldl_recept_a,0.2302,0.1891891891891892,0.9622,0.2702702702702703,0.8468,0.43243243243243246,0.6583,0.513513513514
Ldl_recept_b,0.664,0.023809523809523808,0.3625,0.11904761904761904,0.0671,0.23809523809523808,0.024,0.357142857143
Lectin_C,0.8901,0.19444444444444445,0.7328,0.25,0.3052,0.3333333333333333,0.2295,0.5
Lig_chan,0.1606,0.020134228187919462,0.0203,0.03355704697986577,0.0193,0.03355704697986577,0.0083,0.0469798657718
Lig_chan-Glu_bd,0.5352,0.034782608695652174,0.7809,0.0782608695652174,0.7796,0.0782608695652174,0.7064,0.095652173913
Linker_histone,0.3197,0.013513513513513514,0.0987,0.05405405405405406,0.4794,0.08108108108108109,0.3269,0.121621621622
Lipocalin,0.481,0.1388888888888889,0.7155,0.20833333333333334,0.5027,0.2986111111111111,0.3127,0.402777777778
Lys,0.1981,0.056451612903225805,0.378,0.11290322580645161,0.5685,0.13709677419354838,0.5059,0.161290322581
MAGE,0.3397,0.0374331550802139,0.82,0.06951871657754011,0.8044,0.1497326203208556,0.4759,0.213903743316
MAGE_N,0.6924,0.14130434782608695,0.5448,0.17391304347826086,0.8491,0.2717391304347826,0.6923,0.304347826087
MAM,0.5037,0.0875,0.9197,0.18125,0.2492,0.30625,0.1997,0.41875
MARVEL,0.0969,0.05555555555555555,0.8257,0.1111111111111111,0.4227,0.18055555555555555,0.283,0.270833333333
MBOAT,0.7878,0.034482758620689655,0.2031,0.07758620689655173,0.3407,0.1206896551724138,0.2577,0.166666666667
MBT,1.0,0.0,0.3243,0.014492753623188406,0.7188,0.043478260869565216,0.2721,0.0724637681159
MFS_1,0.3281,0.12464589235127478,0.071,0.20679886685552407,0.1366,0.32577903682719545,0.0294,0.416430594901
MH1,1.0,0.0,1.0,0.0,0.3898,0.019417475728155338,0.1146,0.0582524271845
MHC_I,0.5729,0.4134078212290503,0.6317,0.4972067039106145,0.652,0.547486033519553,0.5848,0.608938547486
MHC_II_alpha,0.9247,0.24691358024691357,0.9879,0.2716049382716049,0.9768,0.2839506172839506,0.9929,0.320987654321
MHC_II_beta,0.0454,0.48,0.031,0.5066666666666667,0.0528,0.52,0.088,0.533333333333
MHC_I_C,0.6995,0.17857142857142858,0.4721,0.25,0.8139,0.2857142857142857,0.8145,0.285714285714
MIF4G,0.4794,0.004694835680751174,0.934,0.018779342723004695,0.9097,0.03755868544600939,0.8583,0.0610328638498
MIP,0.4146,0.05286343612334802,0.4288,0.07929515418502203,0.4213,0.1277533039647577,0.298,0.15859030837
MIT,0.7701,0.015384615384615385,0.5486,0.09230769230769231,0.4099,0.12307692307692308,0.2803,0.169230769231
MMR_HSR1,0.398,0.05263157894736842,0.254,0.06140350877192982,0.0891,0.12280701754385964,0.5026,0.19298245614
MORN,1.0,0.0,1.0,0.0,0.9243,0.08695652173913043,0.8484,0.260869565217
MT,0.0887,0.040697674418604654,0.7747,0.09883720930232558,0.9081,0.15406976744186046,0.7931,0.212209302326
Macro,0.4809,0.0423728813559322,0.3898,0.059322033898305086,0.38,0.059322033898305086,0.9897,0.127118644068
Med26,1.0,0.0,0.6721,0.03773584905660377,0.6778,0.03773584905660377,0.944,0.0566037735849
Metallophos,0.8744,0.0392156862745098,0.098,0.08333333333333333,0.0595,0.12745098039215685,0.2718,0.156862745098
Metallothio,0.8619,0.109375,0.7174,0.3125,0.1246,0.4375,0.1989,0.453125
Methyltransf_11,0.7055,0.1368421052631579,0.321,0.22105263157894736,0.6854,0.3263157894736842,0.5628,0.378947368421
Methyltransf_12,0.7669,0.0707070707070707,0.8504,0.13131313131313133,0.7999,0.21212121212121213,0.8646,0.30303030303
Methyltransf_23,0.3109,0.048484848484848485,0.2195,0.07878787878787878,0.6243,0.12727272727272726,0.7979,0.169696969697
Methyltransf_25,0.612,0.07216494845360824,0.3959,0.14432989690721648,0.8945,0.25773195876288657,0.7178,0.340206185567
Methyltransf_31,0.348,0.039473684210526314,0.6105,0.09868421052631579,0.2543,0.1513157894736842,0.0818,0.217105263158
Microtub_bd,0.4135,0.026845637583892617,0.8062,0.0738255033557047,0.2247,0.1342281879194631,0.4858,0.187919463087
Mito_carr,0.0533,0.10309278350515463,0.116,0.17525773195876287,0.777,0.31958762886597936,0.8343,0.40206185567
MreB_Mbl,0.5663,0.009259259259259259,0.7225,0.027777777777777776,0.5121,0.043209876543209874,0.2235,0.0555555555556
Mucin2_WxxW,0.9393,0.03571428571428571,0.7924,0.08333333333333333,0.4479,0.15476190476190477,0.5402,0.202380952381
MutS_V,0.1151,0.015957446808510637,0.0874,0.026595744680851064,0.2325,0.06914893617021277,0.2529,0.122340425532
MyTH4,0.7788,0.02830188679245283,0.7528,0.09433962264150944,0.7495,0.1509433962264151,0.3339,0.22641509434
Myb_DNA-bind_6,1.0,0.0,0.0382,0.03333333333333333,0.0679,0.05,0.0411,0.0833333333333
Myb_DNA-binding,1.0,0.0,1.0,0.0,0.5927,0.02127659574468085,0.3251,0.0851063829787
Myosin_N,0.8992,0.025,0.7974,0.05,0.4961,0.1,0.136,0.175
Myosin_head,0.2997,0.03840472673559823,0.1087,0.07828655834564253,0.7312,0.15214180206794684,0.1998,0.228951255539
Myosin_tail_1,0.2819,0.02497687326549491,0.4089,0.06567992599444958,0.7768,0.11655874190564293,0.2409,0.176688251619
Myotub-related,0.1227,0.017595307917888565,0.4391,0.03519061583577713,0.7445,0.06744868035190615,0.1837,0.0938416422287
NACHT,0.2122,0.08433734939759036,0.0856,0.1686746987951807,0.6456,0.3072289156626506,0.633,0.379518072289
NAD_binding_1,0.7377,0.03669724770642202,0.4271,0.13761467889908258,0.1235,0.2018348623853211,0.4925,0.284403669725
NAD_binding_8,0.8535,0.014705882352941176,0.6159,0.058823529411764705,0.369,0.07352941176470588,0.1582,0.102941176471
NAP,0.2179,0.007547169811320755,0.9771,0.022641509433962263,0.9768,0.03773584905660377,0.9901,0.0566037735849
NCD3G,0.5869,0.0196078431372549,0.2085,0.0392156862745098,0.1082,0.13725490196078433,0.6104,0.21568627451
NDK,0.1407,0.022222222222222223,0.466,0.05185185185185185,0.2323,0.1259259259259259,0.0312,0.192592592593
NHL,1.0,0.0,0.2693,0.07142857142857142,0.2617,0.07142857142857142,0.1434,0.107142857143
NPIP,0.0919,0.03745318352059925,0.0466,0.0599250936329588,0.0159,0.07116104868913857,0.0114,0.0861423220974
NTF2,1.0,0.0,0.8642,0.008333333333333333,0.862,0.008333333333333333,0.867,0.00833333333333
NTP_transf_2,0.0418,0.010526315789473684,0.2996,0.042105263157894736,0.4432,0.06315789473684211,0.4421,0.0631578947368
NTR,0.0211,0.009345794392523364,0.3344,0.056074766355140186,0.4697,0.14953271028037382,0.3445,0.168224299065
NUDIX,0.4189,0.030534351145038167,0.0438,0.06870229007633588,0.036,0.12213740458015267,0.005,0.175572519084
Na_Ca_ex,0.9297,0.019867549668874173,0.4091,0.052980132450331126,0.5727,0.09933774834437085,0.814,0.132450331126
Na_H_Exchanger,0.1798,0.01837270341207349,0.7226,0.047244094488188976,0.5816,0.06824146981627296,0.3201,0.120734908136
Nebulin,0.3379,0.20689655172413793,0.0846,0.3793103448275862,0.1813,0.5517241379310345,0.543,0.689655172414
Neur_chan_LBD,0.2987,0.05092592592592592,0.3124,0.1111111111111111,0.1685,0.14814814814814814,0.0692,0.180555555556
Neur_chan_memb,0.21,0.037815126050420166,0.0741,0.09663865546218488,0.0096,0.18067226890756302,0.1461,0.268907563025
Neuralized,0.5673,0.02,0.3201,0.03333333333333333,0.4998,0.06,0.555,0.113333333333
Nop,0.543,0.004347826086956522,0.327,0.021739130434782608,0.6926,0.043478260869565216,0.2183,0.0608695652174
Notch,1.0,0.0,0.1645,0.027777777777777776,0.1577,0.1111111111111111,0.1642,0.111111111111
OAR,1.0,0.0,1.0,0.0,1.0,0.0,1.0,0.0
OATP,0.1694,0.04788213627992634,0.2065,0.10497237569060773,0.3154,0.15653775322283608,0.9609,0.204419889503
OB_NTP_bind,1.0,0.0,0.2856,0.02631578947368421,0.2234,0.07017543859649122,0.8834,0.105263157895
OLF,0.4986,0.016194331983805668,0.6274,0.04048582995951417,0.5164,0.08502024291497975,0.7448,0.133603238866
OTU,0.0288,0.023622047244094488,0.2512,0.031496062992125984,0.253,0.031496062992125984,0.1821,0.0708661417323
Oxysterol_BP,0.7988,0.018867924528301886,0.366,0.029649595687331536,0.1096,0.04043126684636118,0.0098,0.0619946091644
PA,0.4617,0.06451612903225806,0.4679,0.10752688172043011,0.4595,0.16129032258064516,0.209,0.225806451613
PAM2,1.0,0.0,1.0,0.0,0.3328,0.05555555555555555,0.3288,0.0555555555556
PAN_1,0.7442,0.02531645569620253,0.6332,0.13924050632911392,0.6717,0.21518987341772153,0.4404,0.253164556962
PAP2,0.1385,0.014705882352941176,0.098,0.04411764705882353,0.026,0.058823529411764705,0.1165,0.117647058824
PARP,0.245,0.019417475728155338,0.9508,0.043689320388349516,0.6005,0.07766990291262135,0.2343,0.150485436893
PAS,0.278,0.04424778761061947,0.9247,0.07079646017699115,0.9888,0.07964601769911504,0.9454,0.0973451327434
PAS_11,0.0738,0.008849557522123894,0.1139,0.017699115044247787,0.0582,0.035398230088495575,0.0831,0.0530973451327
PAS_3,1.0,0.0,1.0,0.0,0.2251,0.011235955056179775,0.5644,0.0224719101124
PAS_9,1.0,0.0,0.4999,0.029411764705882353,0.7741,0.049019607843137254,0.6279,0.078431372549
PB1,0.4923,0.023809523809523808,0.1579,0.10714285714285714,0.1675,0.15476190476190477,0.0724,0.190476190476
PBD,0.1363,0.01694915254237288,0.1417,0.01694915254237288,0.0428,0.03389830508474576,0.0379,0.0338983050847
PCI,1.0,0.0,1.0,0.0,0.6709,0.0380952380952381,0.5846,0.047619047619
PDEase_I,0.7007,0.01680672268907563,0.4283,0.037815126050420166,0.6444,0.07983193277310924,0.112,0.126050420168
PDZ,0.9977,0.14634146341463414,0.9993,0.21951219512195122,0.9995,0.3048780487804878,0.9735,0.487804878049
PDZ_2,0.4804,0.024390243902439025,0.3466,0.07317073170731707,0.191,0.15853658536585366,0.5901,0.207317073171
PG_binding_1,0.5663,0.14035087719298245,0.4262,0.22807017543859648,0.5138,0.2807017543859649,0.5119,0.280701754386
PH,0.117,0.0761904761904762,0.0043,0.13333333333333333,0.3129,0.23809523809523808,0.0209,0.314285714286
PHD,0.6917,0.038461538461538464,0.379,0.057692307692307696,0.3912,0.057692307692307696,0.3775,0.0576923076923
PHD_2,1.0,0.0,1.0,0.0,1.0,0.0,1.0,0.0
PH_11,0.0378,0.02857142857142857,0.1294,0.05714285714285714,0.1305,0.05714285714285714,0.3396,0.0666666666667
PH_9,1.0,0.0,0.2268,0.058823529411764705,0.028,0.09243697478991597,0.1119,0.126050420168
PI-PLC-X,1.0,0.0,0.6101,0.020689655172413793,0.0391,0.05517241379310345,0.0644,0.0896551724138
PI-PLC-Y,0.9787,0.017543859649122806,0.6826,0.02631578947368421,0.4776,0.043859649122807015,0.6688,0.0614035087719
PI3_PI4_kinase,0.6162,0.008,0.2892,0.016,0.8791,0.024,0.9629,0.048
PID,0.7538,0.007142857142857143,0.5136,0.04285714285714286,0.1339,0.07857142857142857,0.3629,0.128571428571
PKD,0.5501,0.04225352112676056,0.1457,0.19718309859154928,0.3734,0.2535211267605634,0.594,0.408450704225
PLAC,0.1278,0.03125,0.1886,0.09375,0.4396,0.125,0.4973,0.3125
PLAT,0.0714,0.05128205128205128,0.0825,0.1794871794871795,0.2686,0.24786324786324787,0.5613,0.367521367521
PLDc_2,0.1505,0.022556390977443608,0.6761,0.05263157894736842,0.7678,0.09022556390977443,0.3746,0.165413533835
PMP22_Claudin,0.4352,0.0963855421686747,0.8055,0.18674698795180722,0.7129,0.22289156626506024,0.8757,0.28313253012
PNMA,0.4559,0.021212121212121213,0.1501,0.048484848484848485,0.2632,0.07575757575757576,0.0399,0.10303030303
PP2C,0.8522,0.01937984496124031,0.4738,0.046511627906976744,0.217,0.09302325581395349,0.174,0.108527131783
PPAK,0.8972,0.1111111111111111,0.8201,0.2222222222222222,0.8706,0.2962962962962963,0.8666,0.296296296296
PPTA,1.0,0.0,0.6385,0.03571428571428571,0.2683,0.07142857142857142,0.2695,0.0714285714286
PRY,0.2535,0.22448979591836735,0.7695,0.30612244897959184,0.5599,0.3673469387755102,0.3451,0.448979591837
PSI,0.0073,0.0392156862745098,0.6134,0.21568627450980393,0.4357,0.23529411764705882,0.1857,0.352941176471
PSI_integrin,0.5049,0.041666666666666664,0.2561,0.0625,0.0395,0.10416666666666667,0.171,0.208333333333
PTB,0.0642,0.015267175572519083,0.3937,0.05343511450381679,0.7693,0.11450381679389313,0.7996,0.145038167939
PTCB-BRCT,1.0,0.0,0.4798,0.015873015873015872,0.0523,0.047619047619047616,0.3274,0.0793650793651
PUF,1.0,0.0,1.0,0.0,1.0,0.0,1.0,0.0
PWWP,0.0207,0.010416666666666666,0.0011,0.020833333333333332,0.0014,0.020833333333333332,0.1487,0.0416666666667
PX,0.6369,0.035398230088495575,0.9679,0.05309734513274336,0.9671,0.07964601769911504,0.775,0.141592920354
PYRIN,0.1757,0.08108108108108109,0.1916,0.14864864864864866,0.0007,0.28378378378378377,0.003,0.324324324324
Pep_M12B_propep,0.8408,0.09285714285714286,0.4555,0.2,0.751,0.3,0.6374,0.378571428571
Peptidase_C1,0.2748,0.0273972602739726,0.3504,0.0730593607305936,0.6984,0.0958904109589041,0.7887,0.13698630137
Peptidase_C14,0.952,0.053497942386831275,0.6591,0.09876543209876543,0.8837,0.1440329218106996,0.8274,0.19341563786
Peptidase_C2,0.479,0.06060606060606061,0.8604,0.09764309764309764,0.3337,0.15151515151515152,0.6587,0.262626262626
Peptidase_M1,0.07,0.05141388174807198,0.586,0.08740359897172237,0.3231,0.12596401028277635,0.719,0.159383033419
Peptidase_M10,0.1095,0.03164556962025317,0.421,0.0759493670886076,0.3262,0.14556962025316456,0.2044,0.20253164557
Peptidase_M14,0.4443,0.06920415224913495,0.8022,0.1245674740484429,0.9172,0.1972318339100346,0.7404,0.262975778547
PhoLip_ATPase_C,0.6656,0.040160642570281124,0.7227,0.060240963855421686,0.0853,0.10441767068273092,0.0266,0.14859437751
PhoLip_ATPase_N,1.0,0.0,0.1347,0.029850746268656716,0.794,0.1044776119402985,0.831,0.119402985075
Phospholip_A2_1,0.719,0.036036036036036036,0.9159,0.08108108108108109,0.9005,0.10810810810810811,0.8304,0.162162162162
Pkinase,0.9058,0.0946969696969697,0.2869,0.19318181818181818,0.1418,0.24242424242424243,0.0847,0.314393939394
Pkinase_C,0.3094,0.021739130434782608,0.2957,0.043478260869565216,0.8517,0.10869565217391304,0.852,0.108695652174
Pkinase_Tyr,0.7297,0.08076923076923077,0.1516,0.18076923076923077,0.0456,0.22692307692307692,0.0628,0.292307692308
Plectin,0.4901,0.0975609756097561,0.2817,0.24390243902439024,0.4595,0.4146341463414634,0.8505,0.609756097561
Plexin_cytopl,0.3243,0.012612612612612612,0.0263,0.02882882882882883,0.0009,0.05225225225225225,0.0,0.0756756756757
Pou,0.6659,0.027777777777777776,0.8147,0.041666666666666664,0.6492,0.05555555555555555,0.6626,0.0555555555556
Pre-SET,0.5617,0.028037383177570093,0.5661,0.028037383177570093,0.6918,0.04672897196261682,0.6937,0.0467289719626
Prenyltrans,0.7748,0.022727272727272728,0.9866,0.045454545454545456,0.9892,0.045454545454545456,0.9883,0.0454545454545
Pro-rich,0.4259,0.05952380952380952,0.881,0.13690476190476192,0.4711,0.22023809523809523,0.798,0.244047619048
Pro_isomerase,0.1254,0.0189873417721519,0.3566,0.05063291139240506,0.0882,0.08227848101265822,0.0453,0.113924050633
Prok-RING_4,0.7334,0.13043478260869565,0.5426,0.15217391304347827,0.6534,0.17391304347826086,0.4542,0.217391304348
Proteasome,0.0943,0.02631578947368421,0.0253,0.05263157894736842,0.0418,0.08421052631578947,0.1562,0.131578947368
Pyr_redox_2,0.5068,0.030821917808219176,0.7848,0.09246575342465753,0.7948,0.1232876712328767,0.7156,0.178082191781
R3H,0.3244,0.05,0.3935,0.1,0.1732,0.13333333333333333,0.2206,0.166666666667
RA,0.2836,0.021505376344086023,0.1768,0.06451612903225806,0.2276,0.12903225806451613,0.439,0.182795698925
RAWUL,0.4771,0.013888888888888888,0.469,0.013888888888888888,0.4697,0.013888888888888888,0.9381,0.0277777777778
RCC1,0.3586,0.04,0.6387,0.1,0.485,0.18,0.4776,0.22
RCC1_2,0.9325,0.03333333333333333,0.8501,0.1,0.851,0.1,0.6866,0.133333333333
RGS,0.3937,0.03389830508474576,0.0457,0.11864406779661017,0.8698,0.19491525423728814,0.8755,0.262711864407
RINGv,0.4981,0.020833333333333332,0.6721,0.0625,0.5855,0.08333333333333333,0.5949,0.0833333333333
RNase_T,0.6274,0.012121212121212121,0.4075,0.03636363636363636,0.6916,0.06666666666666667,0.804,0.115151515152
RPEL,1.0,0.0,1.0,0.0,1.0,0.0,1.0,0.0
RRM_1,0.3442,0.05714285714285714,0.52,0.12857142857142856,0.5666,0.18571428571428572,0.6752,0.242857142857
RUN,0.8937,0.014705882352941176,0.2878,0.058823529411764705,0.2754,0.07352941176470588,0.5521,0.132352941176
RYDR_ITPR,0.5779,0.004901960784313725,0.2098,0.0392156862745098,0.0224,0.06372549019607843,0.0138,0.0686274509804
RabGAP-TBC,0.0,0.07441860465116279,0.0008,0.09767441860465116,0.1624,0.14418604651162792,0.1647,0.181395348837
Rad60-SLD,0.453,0.027777777777777776,0.4337,0.05555555555555555,0.5046,0.09722222222222222,0.3973,0.111111111111
Ran_BP1,0.4085,0.04918032786885246,0.5581,0.07377049180327869,0.5561,0.09016393442622951,0.352,0.106557377049
Ras,0.9592,0.08024691358024691,0.8527,0.09259259259259259,0.5589,0.1728395061728395,0.1303,0.234567901235
RasGAP,0.9049,0.004807692307692308,0.6764,0.02403846153846154,0.3416,0.04807692307692308,0.0707,0.0673076923077
RasGEF,0.499,0.011627906976744186,0.2907,0.05813953488372093,0.712,0.09883720930232558,0.1681,0.145348837209
RasGEF_N,0.1296,0.0380952380952381,0.2717,0.08571428571428572,0.2398,0.12380952380952381,0.2393,0.12380952381
Recep_L_domain,1.0,0.0,0.2305,0.03571428571428571,0.1454,0.08035714285714286,0.0546,0.0982142857143
Reprolysin,0.1659,0.035175879396984924,0.128,0.07537688442211055,0.0538,0.11557788944723618,0.0682,0.170854271357
Reprolysin_2,0.7132,0.015463917525773196,0.4104,0.03608247422680412,0.7923,0.05670103092783505,0.6814,0.103092783505
Reprolysin_3,0.435,0.04032258064516129,0.2587,0.04838709677419355,0.1258,0.08870967741935484,0.2231,0.120967741935
Reprolysin_5,0.6872,0.03571428571428571,0.1205,0.061224489795918366,0.0625,0.10204081632653061,0.0408,0.163265306122
ResIII,0.5866,0.017543859649122806,0.6828,0.03508771929824561,0.4188,0.07017543859649122,0.5883,0.105263157895
RhoGAP,0.532,0.019736842105263157,0.6535,0.06578947368421052,0.7409,0.13815789473684212,0.2628,0.217105263158
RhoGEF,0.3287,0.07734806629834254,0.228,0.1270718232044199,0.4092,0.23756906077348067,0.2096,0.303867403315
Rhodanese,0.8618,0.028037383177570093,0.9791,0.09345794392523364,0.596,0.14018691588785046,0.2176,0.177570093458
Ribosomal_L7Ae,0.1276,0.021052631578947368,0.0988,0.06315789473684211,0.3209,0.07368421052631578,0.1163,0.0947368421053
Ricin_B_lectin,0.3658,0.047244094488188976,0.8826,0.11023622047244094,0.3377,0.1889763779527559,0.6815,0.228346456693
RnaseA,0.1025,0.04132231404958678,0.4206,0.14049586776859505,0.0607,0.23140495867768596,0.1234,0.305785123967
Roc,0.8739,0.075,0.7974,0.1,0.6559,0.15833333333333333,0.4872,0.175
Rpr2,1.0,0.0,0.9299,0.04819277108433735,0.721,0.060240963855421686,0.216,0.10843373494
RyR,1.0,0.0,0.3597,0.03296703296703297,0.3749,0.15384615384615385,0.8775,0.197802197802
S1,1.0,0.0,0.1826,0.02666666666666667,0.1293,0.04,0.3471,0.106666666667
S4,0.1954,0.020833333333333332,0.2065,0.020833333333333332,0.21,0.020833333333333332,0.2061,0.0208333333333
SAM_1,0.0313,0.0625,0.003,0.09375,0.0062,0.171875,0.0012,0.234375
SAM_2,0.0349,0.06060606060606061,0.2006,0.10606060606060606,0.2246,0.19696969696969696,0.106,0.30303030303
SAM_PNT,0.4986,0.011904761904761904,0.0419,0.08333333333333333,0.2688,0.14285714285714285,0.33,0.178571428571
SAP,1.0,0.0,0.169,0.02857142857142857,0.1667,0.02857142857142857,0.1114,0.0571428571429
SBP_bac_3,0.9172,0.017777777777777778,0.7503,0.04,0.4176,0.05333333333333334,0.4767,0.08
SCAN,0.3756,0.044444444444444446,0.0799,0.1,0.0508,0.2111111111111111,0.0224,0.244444444444
SEA,0.8582,0.1320754716981132,0.5081,0.25471698113207547,0.9237,0.330188679245283,0.7618,0.443396226415
SET,0.5583,0.01775147928994083,0.1302,0.03550295857988166,0.2647,0.05325443786982249,0.1371,0.0828402366864
SH2,0.1213,0.07792207792207792,0.3818,0.11688311688311688,0.1282,0.15584415584415584,0.1434,0.181818181818
SH3_1,0.3439,0.041666666666666664,0.3486,0.10416666666666667,0.3737,0.25,0.7603,0.333333333333
SH3_2,0.2814,0.03636363636363636,0.0695,0.07272727272727272,0.8048,0.21818181818181817,0.7762,0.345454545455
SH3_9,0.6659,0.02040816326530612,0.7775,0.12244897959183673,0.9802,0.24489795918367346,0.747,0.367346938776
SNARE,1.0,0.0,0.1278,0.05660377358490566,0.1278,0.07547169811320754,0.5371,0.0943396226415
SNF,0.3834,0.022944550669216062,0.6898,0.06883365200764818,0.8527,0.10133843212237094,0.5285,0.139579349904
SNF2_N,0.0845,0.014285714285714285,0.1053,0.02857142857142857,0.2259,0.06,0.1862,0.0885714285714
SOCS_box,0.7934,0.02857142857142857,0.5792,0.08571428571428572,0.6266,0.2,0.5774,0.371428571429
SPAN-X,0.9849,0.12631578947368421,0.8853,0.16842105263157894,0.981,0.23157894736842105,0.9686,0.242105263158
SPRY,0.3873,0.10833333333333334,0.044,0.175,0.1602,0.2833333333333333,0.0746,0.375
SRCR,0.231,0.16,0.0437,0.24,0.114,0.36,0.0722,0.42
SRPRB,0.032,0.0223463687150838,0.1384,0.0335195530726257,0.3782,0.055865921787709494,0.2135,0.0670391061453
SSF,0.9722,0.024630541871921183,0.9066,0.05172413793103448,0.8438,0.09359605911330049,0.8888,0.130541871921
SSXRD,0.3876,0.03225806451612903,0.3129,0.1935483870967742,0.757,0.2903225806451613,0.7633,0.290322580645
START,0.1352,0.03349282296650718,0.3745,0.09569377990430622,0.0958,0.1722488038277512,0.6216,0.244019138756
STAS,0.5458,0.042735042735042736,0.5383,0.1111111111111111,0.8919,0.20512820512820512,0.8824,0.264957264957
S_100,0.4155,0.11627906976744186,0.1937,0.2558139534883721,0.1904,0.3023255813953488,0.1887,0.302325581395
SapB_2,0.6923,0.08823529411764706,0.974,0.17647058823529413,0.9907,0.20588235294117646,0.9578,0.323529411765
Sec7,0.5405,0.011111111111111112,0.0951,0.044444444444444446,0.5489,0.06111111111111111,0.8876,0.0833333333333
Sel1,1.0,0.0,1.0,0.0,0.8366,0.02631578947368421,0.616,0.0789473684211
Sema,0.1195,0.037383177570093455,0.2172,0.0911214953271028,0.0369,0.14485981308411214,0.0151,0.203271028037
Septin,0.755,0.010714285714285714,0.4441,0.039285714285714285,0.3841,0.07142857142857142,0.39,0.110714285714
Serpin,0.7407,0.10270270270270271,0.1059,0.1837837837837838,0.109,0.24864864864864866,0.0393,0.356756756757
Serum_albumin,0.1558,0.017045454545454544,0.4343,0.03977272727272727,0.4152,0.09659090909090909,0.4835,0.142045454545
Snf7,0.4617,0.005780346820809248,0.4008,0.017341040462427744,0.6297,0.05202312138728324,0.2005,0.0867052023121
Somatomedin_B,0.7334,0.024390243902439025,0.9216,0.07317073170731707,0.8233,0.0975609756097561,0.8072,0.170731707317
Spectrin,0.3788,0.14285714285714285,0.2923,0.3238095238095238,0.3029,0.42857142857142855,0.4878,0.590476190476
Spin-Ssty,1.0,0.0,1.0,0.0,1.0,0.0,1.0,0.0
Sterol-sensing,1.0,0.0,0.9759,0.013071895424836602,0.8403,0.0196078431372549,0.8679,0.0392156862745
Sugar_tr,0.5416,0.059734513274336286,0.574,0.13495575221238937,0.4991,0.24336283185840707,0.4935,0.323008849558
Sulfatase,0.082,0.02912621359223301,0.2141,0.06796116504854369,0.4519,0.12944983818770225,0.3162,0.181229773463
Sulfate_transp,0.826,0.03937007874015748,0.7546,0.10236220472440945,0.2118,0.18635170603674542,0.1725,0.262467191601
Sulfotransfer_1,0.9047,0.06741573033707865,0.1074,0.14606741573033707,0.1631,0.20224719101123595,0.0069,0.2734082397
Sulfotransfer_2,0.3092,0.023715415019762844,0.4224,0.043478260869565216,0.0417,0.07509881422924901,0.5624,0.118577075099
Sulfotransfer_3,0.6854,0.027649769585253458,0.6053,0.059907834101382486,0.1782,0.10138248847926268,0.202,0.138248847926
Sushi,0.8333,0.4642857142857143,0.9087,0.6071428571428571,0.9632,0.7142857142857143,0.6041,0.785714285714
Syntaxin,0.0311,0.025,0.7338,0.055,0.8429,0.08,0.3791,0.12
T-box,0.7453,0.0273224043715847,0.7229,0.03825136612021858,0.2522,0.0546448087431694,0.3139,0.0710382513661
TAF,0.7903,0.015151515151515152,0.7872,0.015151515151515152,0.9215,0.045454545454545456,0.7812,0.106060606061
TAS2R,0.1425,0.2145214521452145,0.778,0.31353135313531355,0.8192,0.38943894389438943,0.6126,0.419141914191
TB,0.9088,0.07317073170731707,0.9285,0.17073170731707318,0.6889,0.2682926829268293,0.148,0.414634146341
TFIIS_C,1.0,0.0,1.0,0.0,1.0,0.0,1.0,0.0
TGF_beta,0.8282,0.05714285714285714,0.9639,0.09523809523809523,0.9913,0.12380952380952381,0.6557,0.2
TGFb_propeptide,0.4096,0.04065040650406504,0.8915,0.08536585365853659,0.8644,0.11788617886178862,0.9488,0.146341463415
THAP,0.6353,0.03409090909090909,0.2128,0.056818181818181816,0.0988,0.09090909090909091,0.5816,0.113636363636
TIG,0.9328,0.08235294117647059,0.4015,0.18823529411764706,0.2331,0.23529411764705882,0.3615,0.305882352941
TIL,0.6681,0.16363636363636364,0.2405,0.2545454545454545,0.0747,0.32727272727272727,0.0471,0.472727272727
TILa,0.9062,0.10909090909090909,0.9471,0.16363636363636364,0.9444,0.21818181818181817,0.9115,0.236363636364
TIR,0.0847,0.045454545454545456,0.1635,0.10795454545454546,0.2841,0.1875,0.3962,0.221590909091
TIR_2,0.0701,0.029411764705882353,0.0273,0.13725490196078433,0.006,0.16666666666666666,0.5157,0.254901960784
TMC,0.5089,0.009009009009009009,0.3129,0.06306306306306306,0.5784,0.0990990990990991,0.3487,0.153153153153
TNF,0.4176,0.015748031496062992,0.9973,0.047244094488188976,0.9582,0.07086614173228346,0.9359,0.0787401574803
TNFR_c6,0.3371,0.10256410256410256,0.2396,0.20512820512820512,0.7516,0.28205128205128205,0.9159,0.384615384615
TPR_1,0.5208,0.029411764705882353,0.1884,0.08823529411764706,0.0736,0.17647058823529413,0.0392,0.235294117647
TPR_10,1.0,0.0,0.4391,0.023809523809523808,0.6361,0.11904761904761904,0.6824,0.214285714286
TPR_11,1.0,0.0,0.8656,0.047619047619047616,0.7686,0.09523809523809523,0.4007,0.142857142857
TPR_12,0.689,0.03896103896103896,0.1706,0.1038961038961039,0.3891,0.18181818181818182,0.7979,0.272727272727
TPR_14,1.0,0.0,1.0,0.0,0.8612,0.022727272727272728,0.8216,0.181818181818
TPR_17,1.0,0.0,0.9277,0.058823529411764705,0.489,0.11764705882352941,0.4013,0.147058823529
TPR_19,0.7101,0.014705882352941176,0.8971,0.04411764705882353,0.9892,0.08823529411764706,0.9741,0.117647058824
TPR_2,1.0,0.0,0.1972,0.058823529411764705,0.6332,0.14705882352941177,0.6789,0.176470588235
TPR_7,1.0,0.0,0.8911,0.027777777777777776,0.7143,0.05555555555555555,0.3484,0.0833333333333
TPR_8,0.3524,0.029411764705882353,0.2699,0.058823529411764705,0.0923,0.08823529411764706,0.0258,0.117647058824
TRAM_LAG1_CLN8,0.0842,0.010101010101010102,0.1665,0.06565656565656566,0.3695,0.11616161616161616,0.4342,0.176767676768
TSP_1,0.8791,0.22448979591836735,0.9656,0.32653061224489793,0.823,0.3877551020408163,0.7404,0.469387755102
TSP_3,0.5685,0.027777777777777776,0.2363,0.05555555555555555,0.2329,0.05555555555555555,0.4089,0.138888888889
TTL,0.1144,0.030508474576271188,0.6862,0.09152542372881356,0.9678,0.15254237288135594,0.8368,0.220338983051
TUDOR,0.7276,0.040983606557377046,0.3568,0.10655737704918032,0.8734,0.20491803278688525,0.5155,0.262295081967
Tetraspannin,0.2062,0.0625,0.2018,0.10096153846153846,0.9168,0.1778846153846154,0.9611,0.254807692308
ThiF,0.6077,0.012295081967213115,0.3625,0.020491803278688523,0.1497,0.040983606557377046,0.2486,0.0696721311475
Thiol-ester_cl,0.9211,0.06666666666666667,0.9158,0.06666666666666667,0.917,0.06666666666666667,0.6343,0.1
Thioredoxin,0.4461,0.07692307692307693,0.9025,0.21153846153846154,0.9049,0.28846153846153844,0.7734,0.355769230769
Thioredoxin_6,0.1472,0.03260869565217391,0.7204,0.07608695652173914,0.3258,0.10869565217391304,0.2321,0.179347826087
Thyroglobulin_1,0.2697,0.04477611940298507,0.2641,0.19402985074626866,0.2273,0.2537313432835821,0.2853,0.34328358209
Tissue_fac,0.2193,0.04672897196261682,0.3672,0.12149532710280374,0.5845,0.18691588785046728,0.4782,0.224299065421
Transglut_C,0.154,0.03773584905660377,0.4351,0.16981132075471697,0.2605,0.20754716981132076,0.2913,0.27358490566
Transglut_core,0.3427,0.04424778761061947,0.7759,0.07079646017699115,0.2981,0.168141592920354,0.3917,0.203539823009
Trefoil,0.908,0.022727272727272728,0.6549,0.09090909090909091,0.511,0.11363636363636363,0.9375,0.181818181818
Trypsin,0.2707,0.2081447963800905,0.1597,0.3891402714932127,0.2221,0.5656108597285068,0.5203,0.642533936652
Trypsin_2,0.9152,0.08666666666666667,0.7582,0.14666666666666667,0.9536,0.20666666666666667,0.7727,0.26
Tubulin,0.7709,0.03553299492385787,0.1828,0.08121827411167512,0.7162,0.09644670050761421,0.5026,0.121827411168
Tubulin-binding,1.0,0.0,0.3291,0.03225806451612903,0.0614,0.12903225806451613,0.064,0.129032258065
Tubulin_C,0.2648,0.024,0.882,0.04,0.3147,0.096,0.6168,0.12
UBA,0.1905,0.05405405405405406,0.9038,0.10810810810810811,0.7362,0.13513513513513514,0.4979,0.189189189189
UBA_4,1.0,0.0,0.4715,0.023255813953488372,0.9174,0.046511627906976744,0.9674,0.116279069767
UBX,0.9891,0.012345679012345678,0.5502,0.037037037037037035,0.4425,0.09876543209876543,0.102,0.135802469136
UCH,0.8573,0.023346303501945526,0.5547,0.07003891050583658,0.2279,0.11284046692607004,0.4647,0.15953307393
UCH_1,0.8304,0.030508474576271188,0.8928,0.0576271186440678,0.662,0.09830508474576272,0.9421,0.138983050847
UDPGT,0.9625,0.08817635270541083,0.6817,0.16633266533066132,0.3017,0.23847695390781562,0.101,0.298597194389
UIM,1.0,0.0,0.9432,0.058823529411764705,0.9555,0.11764705882352941,0.9546,0.117647058824
UPAR_LY6,0.9705,0.05194805194805195,0.9966,0.09090909090909091,0.9221,0.14285714285714285,0.9155,0.246753246753
UQ_con,0.8334,0.014285714285714285,0.8951,0.02142857142857143,0.8957,0.02142857142857143,0.1776,0.0571428571429
V-set,0.1239,0.41284403669724773,0.4247,0.6055045871559633,0.9001,0.8256880733944955,0.9817,0.908256880734
VCBS,0.909,0.04918032786885246,0.7359,0.08196721311475409,0.5333,0.14754098360655737,0.478,0.213114754098
VPS9,0.705,0.009615384615384616,0.1485,0.057692307692307696,0.0869,0.0673076923076923,0.0303,0.0961538461538
VWA,0.8797,0.13714285714285715,0.7861,0.2571428571428571,0.6399,0.41714285714285715,0.7688,0.531428571429
VWA_2,0.9111,0.12149532710280374,0.4669,0.24299065420560748,0.851,0.38317757009345793,0.8734,0.485981308411
VWA_3,0.9789,0.0967741935483871,0.9913,0.16774193548387098,0.8381,0.21935483870967742,0.5866,0.264516129032
VWC,0.8484,0.07017543859649122,0.9147,0.21052631578947367,0.7674,0.2807017543859649,0.4626,0.40350877193
VWD,0.601,0.17088607594936708,0.9476,0.310126582278481,0.954,0.4050632911392405,0.6649,0.5
WAP,0.6672,0.08695652173913043,0.6089,0.15217391304347827,0.3209,0.1956521739130435,0.4372,0.304347826087
WD40,0.2554,0.10526315789473684,0.8931,0.21052631578947367,0.9889,0.34210526315789475,0.8031,0.5
WH1,0.2678,0.009009009009009009,0.781,0.036036036036036036,0.5154,0.04504504504504504,0.21,0.0900900900901
WH2,0.5282,0.06666666666666667,0.0975,0.13333333333333333,0.1005,0.13333333333333333,0.2446,0.233333333333
WW,1.0,0.0,1.0,0.0,1.0,0.0,1.0,0.0
WWE,0.616,0.014492753623188406,0.8049,0.028985507246376812,0.805,0.028985507246376812,0.8081,0.0289855072464
Xin,0.2954,0.125,0.5999,0.1875,0.9816,0.3125,0.9815,0.3125
Xlink,0.1572,0.06451612903225806,0.1674,0.10752688172043011,0.3729,0.16129032258064516,0.9517,0.258064516129
Y_phosphatase,0.2351,0.02127659574468085,0.9705,0.06808510638297872,0.7359,0.10212765957446808,0.6311,0.157446808511
ZU5,0.5777,0.030612244897959183,0.186,0.061224489795918366,0.2172,0.11224489795918367,0.026,0.183673469388
ZZ,1.0,0.0,0.6198,0.022222222222222223,0.4271,0.044444444444444446,0.2744,0.0888888888889
Zip,0.0494,0.02702702702702703,0.4096,0.07507507507507508,0.6428,0.12612612612612611,0.4731,0.189189189189
Zona_pellucida,0.6181,0.04,0.2644,0.084,0.8553,0.128,0.4666,0.184
adh_short,0.0283,0.07179487179487179,0.0664,0.2,0.212,0.3076923076923077,0.0672,0.394871794872
adh_short_C2,0.269,0.06837606837606838,0.1079,0.1752136752136752,0.8682,0.2905982905982906,0.5003,0.405982905983
bZIP_1,1.0,0.0,0.4003,0.03125,0.0248,0.09375,0.4981,0.140625
bZIP_2,1.0,0.0,0.2022,0.037037037037037035,0.0053,0.1111111111111111,0.0088,0.148148148148
bZIP_Maf,1.0,0.0,0.4808,0.010869565217391304,0.5993,0.043478260869565216,0.9666,0.108695652174
cEGF,0.6856,0.25,0.489,0.2916666666666667,0.8006,0.5833333333333334,0.8427,0.625
cNMP_binding,0.4949,0.03409090909090909,0.6902,0.09090909090909091,0.6197,0.1590909090909091,0.6659,0.215909090909
dDENN,1.0,0.0,1.0,0.0,0.9171,0.02,0.8599,0.06
dsrm,1.0,0.0,0.7691,0.014925373134328358,0.3499,0.029850746268656716,0.6638,0.044776119403
fn1,0.9087,0.075,0.9859,0.2,0.9681,0.25,0.9912,0.3
fn2,0.6929,0.09523809523809523,0.9654,0.11904761904761904,0.7416,0.19047619047619047,0.3916,0.309523809524
fn3,0.2445,0.25882352941176473,0.848,0.5764705882352941,0.5564,0.6823529411764706,0.5728,0.776470588235
hEGF,0.9137,0.22727272727272727,0.98,0.4090909090909091,0.9677,0.45454545454545453,0.9932,0.590909090909
ig,0.8718,0.3103448275862069,0.6599,0.7126436781609196,0.7902,0.8735632183908046,0.9023,0.896551724138
p450,0.02,0.1079913606911447,0.0204,0.24622030237580994,0.203,0.36285097192224625,0.4862,0.442764578834
tRNA-synt_1,0.1196,0.014950166112956811,0.4699,0.03820598006644518,0.8885,0.07475083056478406,0.7277,0.106312292359
tRNA_int_endo,1.0,0.0,1.0,0.0,0.4691,0.011764705882352941,0.1777,0.0823529411765
uDENN,0.9719,0.015151515151515152,0.7999,0.045454545454545456,0.6876,0.06060606060606061,0.9178,0.0909090909091
ubiquitin,0.0817,0.08333333333333333,0.3003,0.125,0.2711,0.18055555555555555,0.6819,0.236111111111
wnt,0.8286,0.016339869281045753,0.081,0.058823529411764705,0.1256,0.10130718954248366,0.11,0.143790849673
zf-A20,1.0,0.0,0.6677,0.041666666666666664,0.6631,0.041666666666666664,0.6689,0.0416666666667
zf-AN1,0.9461,0.05,0.7556,0.075,0.4385,0.1,0.3393,0.125
zf-BED,1.0,0.0,1.0,0.0,0.8997,0.045454545454545456,0.9966,0.0681818181818
zf-B_box,0.7242,0.07142857142857142,0.0586,0.23809523809523808,0.2416,0.2857142857142857,0.1423,0.404761904762
zf-C2H2,0.1402,0.21739130434782608,0.9043,0.8260869565217391,0.9534,0.9565217391304348,1.0,1.0
zf-C2H2_4,0.3249,0.08333333333333333,0.6754,0.16666666666666666,0.7269,0.375,0.7319,0.375
zf-C2H2_6,0.0091,0.1111111111111111,0.0567,0.2222222222222222,0.1397,0.48148148148148145,0.0494,0.555555555556
zf-C2H2_jaz,0.3681,0.037037037037037035,0.3626,0.037037037037037035,0.8092,0.07407407407407407,0.7218,0.148148148148
zf-C2HC,1.0,0.0,1.0,0.0,0.8281,0.034482758620689655,0.4713,0.103448275862
zf-C3HC4,0.7859,0.17073170731707318,0.9648,0.2682926829268293,0.9873,0.34146341463414637,0.9906,0.439024390244
zf-C3HC4_2,0.2996,0.075,0.6664,0.175,0.7642,0.225,0.6348,0.275
zf-C3HC4_3,0.8334,0.08,0.6582,0.18,0.4521,0.26,0.1982,0.34
zf-C3HC4_4,0.8776,0.11904761904761904,0.7704,0.19047619047619047,0.6753,0.21428571428571427,0.7407,0.285714285714
zf-C4,0.2017,0.014285714285714285,0.1985,0.014285714285714285,0.2999,0.02857142857142857,0.3045,0.0285714285714
zf-CCCH,1.0,0.0,1.0,0.0,0.7457,0.037037037037037035,1.0,0.0740740740741
zf-CCHC,1.0,0.0,1.0,0.0,0.1043,0.1111111111111111,0.099,0.111111111111
zf-CXXC,1.0,0.0,1.0,0.0,1.0,0.0,1.0,0.0
zf-DHHC,0.2348,0.022388059701492536,0.07,0.07462686567164178,0.061,0.1044776119402985,0.4223,0.141791044776
zf-FCS,0.6791,0.024390243902439025,0.6873,0.024390243902439025,0.3927,0.04878048780487805,0.3507,0.0731707317073
zf-H2C2_2,0.5196,0.19230769230769232,0.7868,0.5,0.8886,0.6153846153846154,0.8653,0.730769230769
zf-H2C2_5,0.8524,0.038461538461538464,0.8451,0.038461538461538464,0.851,0.038461538461538464,0.5883,0.0769230769231
zf-HC5HC2H,0.6073,0.011111111111111112,0.2648,0.022222222222222223,0.0355,0.044444444444444446,0.0397,0.0444444444444
zf-HC5HC2H_2,0.0959,0.01818181818181818,0.2013,0.02727272727272727,0.1961,0.02727272727272727,0.1938,0.0272727272727
zf-MYND,1.0,0.0,0.3639,0.02631578947368421,0.7425,0.05263157894736842,0.7449,0.0526315789474
zf-NF-X1,1.0,0.0,1.0,0.0,1.0,0.0,1.0,0.0
zf-RING_11,0.7581,0.034482758620689655,0.7609,0.034482758620689655,0.7484,0.034482758620689655,0.6453,0.103448275862
zf-RING_2,0.1334,0.06818181818181818,0.2913,0.13636363636363635,0.6024,0.22727272727272727,0.5174,0.272727272727
zf-RING_5,0.6509,0.06818181818181818,0.3446,0.18181818181818182,0.5538,0.25,0.694,0.295454545455
zf-RING_UBOX,0.3138,0.02631578947368421,0.1993,0.13157894736842105,0.9678,0.23684210526315788,0.7155,0.342105263158
zf-RanBP,0.4213,0.06666666666666667,0.2109,0.1,0.2098,0.1,0.1168,0.166666666667
zf-TRAF,0.4935,0.05,0.1712,0.08333333333333333,0.0085,0.15,0.0033,0.2
zf-UBP,0.019,0.03125,0.0198,0.03125,0.0673,0.078125,0.6947,0.140625
zf-met,0.326,0.04,0.3149,0.04,0.324,0.04,0.7604,0.08
zf-rbx1,0.4947,0.03636363636363636,0.4868,0.03636363636363636,0.7298,0.05454545454545454,0.8855,0.0727272727273
